0.006283185307179587,0.13110867865182452,0.0062826478749246125
0.012566370614359173,0.2527689592950437,0.012562071393290965
0.01884955592153876,0.8056842264824731,0.018835047383308174
0.025132741228718346,-0.20438060871413355,0.025098355042297623
0.031415926535897934,0.2163390031686072,0.03134877712019301
0.03769911184307752,-0.568555283555755,0.037583101101773576
0.0439822971502571,-0.5027402060484008,0.0437981203872088
0.050265482457436686,-0.48414265735801876,0.04999063547049374
0.05654866776461627,-0.8992415739872426,0.056157455115354665
0.06283185307179585,-0.7668389532572739,0.062295397528205614
0.06911503837897544,0.10563651213454772,0.06840129152773775
0.07539822368615502,0.1682565632938191,0.07447197771072422
0.0816814089933346,-0.8282911579047998,0.08050430961362491
0.08796459430051419,-0.22584360578070672,0.08649515486957686
0.09424777960769377,0.8426471014776438,0.09244139636035745
0.10053096491487336,0.7503507582280664,0.09833993336290998
0.10681415022205294,0.8717166492727328,0.10418768269002242
0.11309733552923253,0.638495935525125,0.10998157982475244
0.11938052083641211,0.5386111315556412,0.1157185800481946
0.1256637061435917,-0.5908908477793551,0.12139565956018684
0.1319468914507713,-0.39716987057453146,0.127009816592557
0.13823007675795088,0.2931237077104023,0.1325580725145123
0.14451326206513046,0.4598370288077629,0.13803747292977703
0.15079644737231004,0.34733487544993724,0.1434450887650879
0.15707963267948963,-0.7539237824367553,0.14877801734965795
0.1633628179866692,-0.2066801507045617,0.15403338348522444
0.1696460032938488,0.58294619895506,0.1592083405062992
0.17592918860102838,0.7942802085443117,0.16430007133024235
0.18221237390820796,-0.2567272397881495,0.169305789496786
0.18849555921538755,-0.7841118426094884,0.17422274019663594
0.19477874452256713,0.20513030222240936,0.17904820128878493
0.20106192982974672,0.42301294989355775,0.1837794843061747
0.2073451151369263,-0.764125449933613,0.18841393544934734
0.21362830044410588,-0.3244794571630496,0.1929489365677321
0.21991148575128547,-0.06549648328558355,0.19738190612821693
0.22619467105846505,-0.8891004467656569,0.20171030017065958
0.23247785636564464,-0.6823902083541986,0.20593161324999681
0.23876104167282422,-0.35465613893073233,0.21004337936461584
0.2450442269800038,0.7525130358803866,0.21404317287065627
0.2513274122871834,-0.7919172947241677,0.2179286093819169
0.257610597594363,0.4461677180474275,0.2216973466550452
0.2638937829015426,0.7927474230980045,0.22534708545969417
0.27017696820872217,0.579265796398373,0.2288755704333355
0.27646015351590175,-0.6540046532243491,0.2322805909204243
0.28274333882308134,-0.8986499034637123,0.23555998179561516
0.2890265241302609,0.7696018901868997,0.2387116242707358
0.2953097094374405,0.5649827518864925,0.24173344668523095
0.3015928947446201,-0.7188133986017489,0.24462342527979197
0.30787608005179967,-0.6962097207968829,0.24737958495289847
0.31415926535897926,-0.8886442863271291,0.24999999999999994
0.32044245066615884,0.31694480330616126,0.25248279483507374
0.3267256359733384,0.757160433322444,0.25482614469430154
0.333008821280518,-0.3806500889038995,0.2570282763216133
0.3392920065876976,0.34936493482298436,0.2590874686358526
0.3455751918948772,-0.24341253755869818,0.26100205337932614
0.35185837720205676,0.6248420992550561,0.2627704157475043
0.35814156250923634,-0.16877924104823205,0.2643909949996486
0.36442474781641593,-0.7073842828915853,0.26586228505014686
0.3707079331235955,0.13340526032589328,0.2671828350403451
0.3769911184307751,-0.3314724568096572,0.2683512498906708
0.3832743037379547,-0.9644977833824104,0.2693661908328512
0.38955748904513426,0.9871023784026776,0.2702263759220346
0.39584067435231385,0.09244876534831592,0.2709305805286324
0.40212385965949343,-0.4262127056516305,0.2714776378097048
0.408407044966673,-0.5230540514406763,0.2718664391597224
0.4146902302738526,-0.9229211518639857,0.2720959346405408
0.4209734155810322,-0.028169656508399976,0.27216513339043485
0.42725660088821177,0.9310098000772697,0.2720731040120459
0.43353978619539135,-0.31140605206413796,0.27181897493910173
0.43982297150257094,0.02515637251542513,0.2714019347817792
0.4461061568097505,0.5090659375548063,0.27082123265058383
0.4523893421169301,0.9619620572457379,0.2700761784586303
0.4586725274241097,-0.6843240803488491,0.2691661432022163
0.4649557127312893,0.9669973717151641,0.2680905592195866
0.47123889803846886,-0.8193133498089002,0.2668489204277955
0.47752208334564844,0.16079720340003112,0.26544078253758174
0.483805268652828,0.731010702751723,0.26386576324617766
0.4900884539600076,-0.3562564510327988,0.26212354240798386
0.4963716392671872,0.2808289746387651,0.26021386218304543
0.5026548245743668,0.2825293612862212,0.2581365271632782
0.5089380098815465,-0.8915473110017809,0.2558914044763962
0.5152211951887261,-0.286301061260966,0.2534784238675042
0.5215043804959058,0.29329796388790275,0.2508975777583231
0.5277875658030854,0.9250834189187283,0.24814892128402757
0.534070751110265,0.9125722066545852,0.24523257230768006
0.5403539364174447,-0.7408413165111036,0.24214871141225539
0.5466371217246243,0.9985430684373182,0.23889758187025775
0.552920307031804,0.9468916765126885,0.23547948959093817
0.5592034923389836,0.8640188185149507,0.2318948030451322
0.5654866776461632,0.4360473809086518,0.22814395316774033
0.5717698629533429,0.006219118278645297,0.22422743323788724
0.5780530482605225,-0.36566780365207996,0.22014579873679913
0.5843362335677021,-0.5626730160301299,0.2158996671834493
0.5906194188748818,-0.4855546087833589,0.21148971794802895
0.5969026041820614,-0.0273439949427432,0.20691669204330787
0.6031857894892411,-0.2506684124623393,0.20218139189395815
0.6094689747964207,-0.3373373429617872,0.19728468108392141
0.6157521601036003,-0.3564479550701942,0.19222748408190843
0.62203534541078,-0.0625114215257494,0.18701078594512643
0.6283185307179596,-0.06017276468139765,0.18163563200133936
0.6346017160251393,0.2882869404351591,0.1761031275093719
0.6408849013323189,0.19761671211589138,0.1704144372981766
0.6471680866394985,0.012392351955725633,0.16457078538459205
0.6534512719466782,-0.7595321229585266,0.1585734545699252
0.6597344572538578,-0.8071612798172032,0.1524237860155011
0.6660176425610375,0.32009080270369283,0.14612317879732936
0.6723008278682171,0.12006817710690032,0.13967308944004378
0.6785840131753967,-0.46143586544169857,0.13307503143028016
0.6848671984825764,-0.6727263742601113,0.1263305747096638
0.691150383789756,0.5379203641868309,0.11944134514758528
0.6974335690969357,0.897934474934684,0.11240902399395107
0.7037167544041153,0.527189136500626,0.10523534731210211
0.7099999397112949,-0.35761267846088707,0.09792210539210028
0.7162831250184746,0.330194194691928,0.09047114214459058
0.7225663103256542,0.8210915422990601,0.08288435447545281
0.7288494956328339,-0.4867765624125935,0.0751636916414639
0.7351326809400135,-0.15175107264475818,0.0673111545871986
0.7414158662471931,0.9180176622544776,0.059328795263402984
0.7476990515543728,-0.6083859380193566,0.05121871592708188
0.7539822368615524,0.6710295793551606,0.042983068423547585
0.760265422168732,0.028319209689484648,0.03462405345068389
0.7665486074759117,0.5180299152369499,0.026143919805685673
0.7728317927830913,0.7054876596777109,0.017544963614540648
0.779114978090271,0.010041485780685422,0.008829527544525706
0.7853981633974506,0.4995708874232825,-3.2538963604241604e-15
0.7916813487046302,0.7676522465594973,-0.008941185698243558
0.7979645340118099,0.5094657320915341,-0.017991552149709468
0.8042477193189895,0.2299172469865134,-0.02714857872683124
0.8105309046261692,0.918195173834149,-0.036409702443087666
0.8168140899333488,-0.15010923440718482,-0.045772318836364755
0.8230972752405284,-0.022676937255080576,-0.055233782867227715
0.8293804605477081,-0.5772810597565954,-0.06479140983178834
0.8356636458548877,-0.5198239562100242,-0.07444247628884418
0.8419468311620674,0.006435328496922965,-0.0841842210009616
0.848230016469247,-0.6327773288014318,-0.09401384588916893
0.8545132017764266,0.9713855435339303,-0.10392851700092193
0.8607963870836063,-0.6364572986370898,-0.11392536549099859
0.8670795723907859,-0.2643578514040239,-0.12400148861497551
0.8733627576979656,-0.0811342181556296,-0.13415395073493444
0.8796459430051452,0.7925010317647243,-0.14437978433704204
0.8859291283123248,-0.7175802157169686,-0.15467599106064292
0.8922123136195045,0.41431910554953855,-0.16503954273850088
0.8984954989266841,-0.9355444742668957,-0.17546738244781998
0.9047786842338638,0.9788141760500315,-0.1859564255716729
0.9110618695410434,0.6582470933482361,-0.19650356087046053
0.917345054848223,0.6131870729689348,-0.2071056515630229
0.9236282401554027,0.8672764730767089,-0.21775953641701853
0.9299114254625823,-0.47347462730387235,-0.22846203084818575
0.936194610769762,-0.5138151077276647,-0.23920992802809588
0.9424777960769416,0.23186920429651425,-0.2500000000000063
0.9487609813841212,0.831651466389087,-0.2608289988024174
0.9550441666913009,-0.13051822723997586,-0.27169365759993586
0.9613273519984805,-0.2629872936539437,-0.28259069182104163
0.9676105373056602,0.25169384653738214,-0.29351680030235805
0.9738937226128398,0.4845827101404596,-0.30446866643901643
0.9801769079200194,0.5291172758747524,-0.3154429593407097
0.9864600932271991,-0.08427457155475104,-0.3264363349930239
0.9927432785343787,0.9428204147012711,-0.33744543742363614
0.9990264638415584,-0.26804205157410266,-0.34846689987296564
1.0053096491487379,-0.5333926441218007,-0.35949734596886257
1.0115928344559175,0.7231356125408948,-0.3705333909049188
1.0178760197630972,0.6709851034904384,-0.3815716426219816
1.0241592050702768,0.008657397069275818,-0.39260870299245204
1.0304423903774564,-0.9182000753720114,-0.4036411690069488
1.036725575684636,-0.8176858371473832,-0.4146656339629152
1.0430087609918157,-0.3685813896047867,-0.425678688654749
1.0492919462989954,-0.7622932253519275,-0.4366769225650322
1.055575131606175,-0.135314955317688,-0.44765692505643934
1.0618583169133546,-0.29620970396807866,-0.4586152865639004
1.0681415022205343,-0.42332371652791156,-0.4695485997865964
1.074424687527714,0.702853401442018,-0.48045346087936497
1.0807078728348936,0.12978795325841008,-0.4913264706430922
1.0869910581420732,-0.14882038334939218,-0.5021642357136706
1.0932742434492528,-0.935797429146362,-0.5129633697490995
1.0995574287564325,-0.11955058591829881,-0.5237204946143076
1.1058406140636121,-0.3944706242668212,-0.5344322415632783
1.1121237993707918,-0.2302527596886812,-0.5450952524180565
1.1184069846779714,0.754983783728133,-0.5557061807442213
1.124690169985151,-0.07838307956678725,-0.5662616930224053
1.1309733552923307,0.8296198812599076,-0.5767584698154457
1.1372565405995103,0.7613094441025183,-0.5871932069307548
1.14353972590669,-0.790295406290217,-0.5975626165774945
1.1498229112138696,-0.2216969331660701,-0.607863428518147
1.1561060965210492,-0.1827459397505855,-0.6180923912140721
1.1623892818282289,-0.23650414232886674,-0.6282462729646449
1.1686724671354085,-0.7756849801517969,-0.6383218630395693
1.1749556524425881,-0.4220527997188823,-0.6483159728039664
1.1812388377497678,0.976152148723558,-0.6582254368358389
1.1875220230569474,0.6067841568054528,-0.6680471140355139
1.193805208364127,0.5664351378595345,-0.6777778887266707
1.2000883936713067,0.595237897041951,-0.687414671748565
1.2063715789784863,0.3028291731319641,-0.6969544015390586
1.212654764285666,-0.14247015076810343,-0.7063940452080744
1.2189379495928456,-0.3413259487005329,-0.7157305996010914
1.2252211349000253,-0.7042798342162486,-0.724961092352307
1.231504320207205,0.06202001598129936,-0.7340825829270886
1.2377875055143845,-0.7608740009375552,-0.743092163653349
1.2440706908215642,0.6473826507039986,-0.7519869607414746
1.2503538761287438,0.5858587125650385,-0.7607641352924511
1.2566370614359235,-0.8299882667689285,-0.7694208842938218
1.262920246743103,-0.7239950791454384,-0.7779544416031302
1.2692034320502827,0.4772957702336602,-0.786362078918497
1.2754866173574624,-0.9367307501073883,-0.7946411067359858
1.281769802664642,-0.6171411100571249,-0.8027888752934182
1.2880529879718217,0.9849263022258752,-0.8108027755003056
1.2943361732790013,0.2193762109669335,-0.8186802398535632
1.300619358586181,0.16669603419617718,-0.8264187433386871
1.3069025438933606,-0.2031142751351367,-0.8340158043160695
1.3131857292005402,0.43986848779928933,-0.841468985392141
1.3194689145077199,-0.864436467331374,-0.848775894275029
1.3257520998148995,0.7837075966717866,-0.85593418461443
1.3320352851220791,-0.7274379456399398,-0.8629415568253964
1.3383184704292588,-0.6258252271131199,-0.8697957588957456
1.3446016557364384,0.5989148072740562,-0.8764945871768075
1.350884841043618,-0.8298081985228978,-0.883035887157226
1.3571680263507977,0.10792761842165532,-0.889417554219542
1.3634512116579773,-0.8919471414066258,-0.89563753437929
1.369734396965157,-0.7473342885490415,-0.901693825006344
1.3760175822723366,0.5010041150990072,-0.9075844755282592
1.3823007675795163,-0.131083917497421,-0.9133075881153583
1.388583952886696,-0.11392163338931538,-0.9188613183473188
1.3948671381938755,0.03908079171010703,-0.9242438758610265
1.4011503235010552,0.6913389856892762,-0.9294535249794651
1.4074335088082348,-0.7639916027412443,-0.9344885853214164
1.4137166941154145,-0.8891046095420498,-0.9393474323917584
1.419999879422594,0.334167134647382,-0.9440284981521481
1.4262830647297737,0.7799626664300023,-0.9485302715718893
1.4325662500369534,-0.7593202568187984,-0.9528512991587895
1.438849435344133,0.9631238637124593,-0.9569901854698156
1.4451326206513126,0.6973996226093988,-0.9609455936013693
1.4514158059584923,-0.24374477592702704,-0.9647162456590076
1.457698991265672,-0.6747943685972364,-0.9683009232064408
1.4639821765728516,-0.5591802617241788,-0.9716984676936509
1.4702653618800312,0.7288187018141585,-0.9749077808639756
1.4765485471872108,-0.27266275742754664,-0.9779278251400153
1.4828317324943905,-0.10456132703131504,-0.9807576239882267
1.4891149178015701,-0.12411294326532141,-0.9833962622620711
1.4953981031087498,0.7640314221468771,-0.9858428865235986
1.5016812884159294,0.7166831975420855,-0.9880967053433515
1.507964473723109,-0.9682375192349666,-0.9901569895784827
1.5142476590302887,0.5920560947392322,-0.9920230726289888
1.5205308443374683,-0.011527999538663014,-0.9936943506719679
1.526814029644648,0.9351007721229512,-0.9951702828738176
1.5330972149518276,0.569362058710154,-0.9964503915803005
1.5393804002590072,0.6601122847843548,-0.9975342624844071
1.5456635855661869,0.29811093786707143,-0.998421544771958
1.5519467708733665,0.6770102787959353,-0.9991119512448928
1.5582299561805462,-0.9428055670274929,-0.9996052584222032
1.5645131414877258,0.746396626363808,-0.9999013066184734
1.5707963267949054,0.37185198471928427,-1.0
1.577079512102085,0.7772970051653805,-0.9999013066184729
1.5833626974092647,0.9297977622055515,-0.999605258422202
1.5896458827164444,-0.16813905944702734,-0.9991119512448912
1.595929068023624,-0.22337877368156644,-0.9984215447719558
1.6022122533308036,-0.48944195275167,-0.9975342624844044
1.6084954386379833,0.033772336082369625,-0.9964503915802971
1.614778623945163,-0.8243928289241167,-0.9951702828738137
1.6210618092523426,-0.867555384599991,-0.9936943506719634
1.6273449945595222,-0.4876674752256618,-0.9920230726289838
1.6336281798667018,-0.05397773815276108,-0.9901569895784772
1.6399113651738815,-0.6723856221532354,-0.9880967053433455
1.6461945504810611,0.41657219679228197,-0.9858428865235921
1.6524777357882408,0.576003354825215,-0.983396262262064
1.6587609210954204,-0.6008157492629764,-0.980757623988219
1.6650441064026,-0.09058254016563416,-0.9779278251400071
1.6713272917097797,-0.9724530199112473,-0.9749077808639667
1.6776104770169593,-0.6173716215526468,-0.9716984676936417
1.683893662324139,0.1710225124214826,-0.968300923206431
1.6901768476313186,-0.8042499726019281,-0.9647162456589973
1.6964600329384982,0.7459682936058385,-0.9609455936013584
1.7027432182456779,-0.9279304421497614,-0.9569901854698043
1.7090264035528575,0.02004644667332034,-0.9528512991587776
1.7153095888600371,0.5257832206152286,-0.9485302715718769
1.7215927741672168,0.10583179252417341,-0.9440284981521352
1.7278759594743964,0.008379848880216034,-0.9393474323917451
1.734159144781576,0.4363560521991152,-0.9344885853214027
1.7404423300887557,0.676366040001682,-0.9294535249794507
1.7467255153959353,0.854941562601707,-0.9242438758610116
1.753008700703115,-0.8258041101000657,-0.9188613183473034
1.7592918860102946,0.8746627406808296,-0.9133075881153425
1.7655750713174743,-0.11448180504998207,-0.907584475528243
1.771858256624654,-0.3997196094941502,-0.9016938250063271
1.7781414419318335,0.13219661754743672,-0.8956375343792727
1.7844246272390132,-0.848919060993085,-0.8894175542195244
1.7907078125461928,-0.21685702785555616,-0.8830358871572079
1.7969909978533725,-0.766717681388831,-0.876494587176789
1.803274183160552,0.8936660897134039,-0.8697957588957266
1.8095573684677317,0.19320378894199464,-0.862941556825377
1.8158405537749114,-0.8497482890256964,-0.8559341846144103
1.822123739082091,-0.1455072608145962,-0.8487758942750088
1.8284069243892707,-0.2861848323552607,-0.8414689853921201
1.8346901096964503,0.3140708478355827,-0.8340158043160483
1.84097329500363,-0.6491132859629134,-0.8264187433386656
1.8472564803108096,0.6594159400055899,-0.8186802398535413
1.8535396656179892,0.429368223583549,-0.8108027755002833
1.8598228509251689,-0.7316847298882692,-0.8027888752933957
1.8661060362323485,0.7938745047116125,-0.7946411067359627
1.8723892215395281,0.8539855329676476,-0.7863620789184737
1.8786724068467078,-0.7545379008779913,-0.7779544416031063
1.8849555921538874,-0.809770587813258,-0.7694208842937976
1.891238777461067,-0.8689668456504906,-0.7607641352924267
1.8975219627682467,0.4054095290705302,-0.7519869607414499
1.9038051480754263,0.3307526104806635,-0.7430921636533238
1.910088333382606,-0.600604056268663,-0.7340825829270632
1.9163715186897856,-0.6028519973313919,-0.7249610923522812
1.9226547039969653,-0.6257457073312098,-0.7157305996010654
1.928937889304145,0.37611187003630087,-0.7063940452080479
1.9352210746113245,0.6022267175120832,-0.6969544015390319
1.9415042599185042,-0.6433699767846286,-0.687414671748538
1.9477874452256838,0.514556428685685,-0.6777778887266436
1.9540706305328635,0.21141844638084928,-0.6680471140354864
1.960353815840043,-0.9164271797449224,-0.6582254368358113
1.9666370011472227,0.1686443038906842,-0.6483159728039384
1.9729201864544024,0.47203501742030607,-0.6383218630395411
1.979203371761582,0.9892916900320394,-0.6282462729646164
1.9854865570687616,0.05755855242224306,-0.6180923912140436
1.9917697423759413,-0.3463369269806824,-0.6078634285181181
1.998052927683121,-0.06838119391117381,-0.5975626165774655
2.0043361129903006,0.7023129528551879,-0.5871932069307255
2.01061929829748,-0.04618132909199235,-0.5767584698154163
2.01690248360466,-0.43212967824320137,-0.5662616930223756
2.0231856689118395,-0.23511879400508517,-0.5557061807441915
2.029468854219019,0.6315434860639109,-0.5450952524180266
2.0357520395261988,0.09036079686603671,-0.5344322415632482
2.0420352248333784,-0.02938879097823066,-0.5237204946142774
2.048318410140558,-0.7174895526234759,-0.5129633697490693
2.0546015954477377,-0.975268488328634,-0.5021642357136402
2.0608847807549173,-0.22164718949653195,-0.49132647064306173
2.067167966062097,0.9891192008987446,-0.48045346087933427
2.0734511513692766,-0.7275808255608531,-0.46954859978656577
2.0797343366764562,-0.431983913755452,-0.45861528656386974
2.086017521983636,-0.22686505281993985,-0.4476569250564086
2.0923007072908155,0.5779046139514457,-0.4366769225650014
2.098583892597995,-0.15776201087536879,-0.4256786886547181
2.104867077905175,0.7017334186813631,-0.4146656339628843
2.1111502632123544,-0.9112321732345794,-0.4036411690069178
2.117433448519534,0.9711900818832755,-0.39260870299242107
2.1237166338267137,0.7526501832320245,-0.38157164262195065
2.1299998191338934,-0.21533377524259167,-0.37053339090488785
2.136283004441073,0.47462967841287074,-0.3594973459688316
2.1425661897482526,0.8800565655797343,-0.3484668998729345
2.1488493750554323,-0.8595030083483561,-0.33744543742360505
2.155132560362612,0.4222534959874569,-0.32643633499299285
2.1614157456697916,-0.05332406699099046,-0.3154429593406787
2.167698930976971,-0.462681090185455,-0.30446866643898546
2.173982116284151,0.661930190579775,-0.2935168003023272
2.1802653015913305,-0.5893284481902341,-0.2825906918210109
2.18654848689851,-0.41443435721114485,-0.27169365759990505
2.1928316722056898,0.990456549972397,-0.26082899880238675
2.1991148575128694,-0.5018152210058913,-0.2499999999999757
2.205398042820049,0.47957526726072786,-0.23920992802806543
2.2116812281272287,0.05324081747230158,-0.22846203084815547
2.2179644134344083,-0.594827441607926,-0.21775953641698836
2.224247598741588,-0.07453645577963552,-0.20710565156299285
2.2305307840487676,-0.8612357558269497,-0.19650356087043064
2.2368139693559472,-0.3249287377385086,-0.18595642557164319
2.243097154663127,-0.9267922809865015,-0.17546738244779045
2.2493803399703065,0.7714496723140396,-0.1650395427384715
2.255663525277486,-0.8455458188794367,-0.15467599106061375
2.261946710584666,-0.3206990820526996,-0.14437978433701307
2.2682298958918454,0.523976148425944,-0.13415395073490566
2.274513081199025,0.04080126807746698,-0.12400148861494695
2.2807962665062047,-0.4673030666300082,-0.11392536549097022
2.2870794518133843,-0.4975756825340856,-0.1039285170008938
2.293362637120564,-0.8895239870952445,-0.09401384588914104
2.2996458224277436,0.6906027620041628,-0.08418422100093394
2.3059290077349233,-0.32958948015040157,-0.07444247628881678
2.312212193042103,-0.6562833518625799,-0.06479140983176121
2.3184953783492825,-0.6205864720816345,-0.05523378286720085
2.324778563656462,-0.37953871440896436,-0.04577231883633816
2.331061748963642,0.3804632324152175,-0.036409702443061354
2.3373449342708215,-0.7085759458546099,-0.02714857872680522
2.343628119578001,-0.6922890677396076,-0.017991552149683745
2.3499113048851807,0.9353881768890453,-0.008941185698218139
2.3561944901923604,-0.3979769639706978,2.1851401013137188e-14
2.36247767549954,-0.7450738634701319,0.008829527544550493
2.3687608608067197,-0.08815713086498955,0.017544963614565104
2.3750440461138993,0.3307189255063949,0.026143919805709803
2.381327231421079,0.8386208538987143,0.03462405345070768
2.3876104167282586,0.5668901111571676,0.04298306842357103
2.393893602035438,-0.5468208263543746,0.051218715927104974
2.400176787342618,0.7475354323232732,0.05932879526342571
2.4064599726497975,0.8470196523469682,0.06731115458722096
2.412743157956977,0.7468788548966996,0.07516369164148591
2.4190263432641568,-0.7461622211062382,0.08288435447547443
2.4253095285713364,0.8943970077826611,0.09047114214461183
2.431592713878516,0.08456288609275342,0.09792210539212115
2.4378758991856957,-0.7097985873467954,0.10523534731212257
2.4441590844928753,0.2918099553982485,0.11240902399397115
2.450442269800055,-0.1886768558904055,0.11944134514760493
2.4567254551072346,0.604341880305163,0.1263305747096831
2.4630086404144143,0.8410254697584827,0.13307503143029903
2.469291825721594,0.6412750701574756,0.1396730894400622
2.4755750110287735,-0.37648397541167156,0.14612317879734738
2.481858196335953,-0.5751693112513514,0.1524237860155187
2.488141381643133,0.711653248361714,0.15857345456994235
2.4944245669503124,-0.06930669924452437,0.1645707853846088
2.500707752257492,0.17591766836297484,0.1704144372981929
2.5069909375646717,-0.010973170959133416,0.17610312750938772
2.5132741228718514,0.9279073192327758,0.1816356320013548
2.519557308179031,-0.1039271291081949,0.18701078594514137
2.5258404934862106,0.6388770965153976,0.19222748408192294
2.5321236787933903,0.06316295832587904,0.19728468108393551
2.53840686410057,-0.5672132619675376,0.20218139189397175
2.5446900494077496,0.08559333299602989,0.20691669204332103
2.550973234714929,-0.2906954323793429,0.2114897179480417
2.557256420022109,-0.5878651619955302,0.21589966718346154
2.5635396053292885,0.9529853877622154,0.2201457987368109
2.569822790636468,0.057742572376038526,0.22422743323789857
2.5761059759436478,0.9677270127385802,0.22814395316775116
2.5823891612508274,0.1917973845980392,0.23189480304514254
2.588672346558007,0.24215397919540438,0.23547948959094805
2.5949555318651867,-0.21040030358974127,0.23889758187026713
2.6012387171723663,0.9730904138080607,0.24214871141226435
2.607521902479546,-0.21498175276797982,0.24523257230768855
2.6138050877867256,-0.5463525176773332,0.2481489212840356
2.6200882730939052,-0.9482634704274369,0.2508975777583306
2.626371458401085,-0.10426942011868778,0.25347842386751124
2.6326546437082645,0.6236572320484057,0.25589140447640285
2.638937829015444,-0.8502677310872564,0.2581365271632843
2.645221014322624,0.486397101574241,0.2602138621830511
2.6515041996298034,-0.04788946992726406,0.262123542407989
2.657787384936983,0.9735515206527519,0.26386576324618244
2.6640705702441627,-0.4254538934746026,0.26544078253758596
2.6703537555513424,-0.7632615835031913,0.2668489204277993
2.676636940858522,0.541685082450738,0.2680905592195899
2.6829201261657016,0.3088366053695588,0.26916614320221915
2.6892033114728813,0.12176615353891451,0.2700761784586327
2.695486496780061,0.28072955723870097,0.2708212326505857
2.7017696820872406,0.06868241547925957,0.2714019347817807
2.70805286739442,0.747876561876903,0.27181897493910273
2.7143360527016,-0.6765105651374426,0.2720731040120464
2.7206192380087795,-0.5986580365837315,0.2721651333904349
2.726902423315959,-0.8830690212648977,0.2720959346405404
2.7331856086231388,-0.8464524516159757,0.27186643915972153
2.7394687939303184,0.6043692748193923,0.2714776378097034
2.745751979237498,-0.3703547278441244,0.2709305805286305
2.7520351645446777,0.829203625761209,0.2702263759220323
2.7583183498518573,-0.3280786863598928,0.26936619083284835
2.764601535159037,0.21018180899814953,0.2683512498906675
2.7708847204662166,0.1546087139062997,0.26718283504034135
2.7771679057733962,-0.2630393683399175,0.26586228505014264
2.783451091080576,0.5539254149643165,0.2643909949996439
2.7897342763877555,-0.15561265661755486,0.26277041574749915
2.796017461694935,0.8098874241198084,0.2610020533793205
2.802300647002115,-0.06387451346185613,0.25908746863584653
2.8085838323092944,-0.7876107479659982,0.25702827632160674
2.814867017616474,0.9440026263184931,0.25482614469429454
2.8211502029236537,0.3931826857236518,0.2524827948350663
2.8274333882308333,0.6290524961609705,0.24999999999999212
2.833716573538013,-0.8656812032966035,0.24737958495289017
2.8399997588451926,-0.7696638574781214,0.24462342527978323
2.8462829441523723,0.3177487063210682,0.2417334466852218
2.852566129459552,0.7036437262917499,0.2387116242707262
2.8588493147667315,0.7880429477778219,0.23555998179560506
2.865132500073911,-0.3309322912529402,0.23228059092041384
2.871415685381091,0.6556399192566538,0.2288755704333246
2.8776988706882705,-0.6329497853693813,0.22534708545968288
2.88398205599545,-0.03371433431734894,0.22169734665503346
2.8902652413026297,0.37554982318876906,0.21792860938190478
2.8965484266098094,0.04572155364281816,0.21404317287064376
2.902831611916989,0.6411093513239898,0.21004337936460293
2.9091147972241687,-0.7391600040152715,0.20593161324998355
2.9153979825313483,0.7237511801134162,0.2017103001706459
2.921681167838528,-0.24225557212985582,0.19738190612820286
2.9279643531457076,-0.46271276415618745,0.19294893656771767
2.934247538452887,0.59020202504141,0.18841393544933255
2.940530723760067,-0.03781542827278073,0.18377948430615954
2.9468139090672465,0.16684271886203317,0.17904820128876947
2.953097094374426,0.520906468310568,0.1742227401966201
2.9593802796816058,0.6269963839872332,0.16930578949676983
2.9656634649887854,0.997888453634963,0.16430007133022584
2.971946650295965,0.9974866321950078,0.15920834050628235
2.9782298356031447,0.10218521190273555,0.1540333834852073
2.9845130209103243,-0.388531146026563,0.14877801734964047
2.990796206217504,-0.9687106811206456,0.14344508876507012
2.9970793915246836,-0.6936230851492875,0.13803747292975896
3.0033625768318633,-0.260119103749787,0.13255807251449392
3.009645762139043,-0.24062691632951383,0.1270098165925384
3.0159289474462225,0.6501101387523245,0.12139565956016797
3.022212132753402,0.7568238006597459,0.11571858004817549
3.028495318060582,0.7773849141988891,0.1099815798247331
3.0347785033677614,0.06027462857766852,0.10418768269000282
3.041061688674941,-0.6628200027730498,0.09833993336289015
3.0473448739821207,0.6399875613691777,0.0924413963603374
3.0536280592893004,0.7948508490611177,0.08649515486955661
3.05991124459648,0.5646335007031063,0.08050430961360447
3.0661944299036596,0.1293207656329185,0.07447197771070357
3.0724776152108393,-0.9927667056680052,0.06840129152771693
3.078760800518019,0.3677827278717505,0.06229539752818462
3.0850439858251986,0.30390603274173533,0.056157455115333516
3.091327171132378,0.4333281890314211,0.049990635470472444
3.097610356439558,-0.7664193318040544,0.04379812038718737
3.1038935417467375,-0.1486497805040472,0.03758310110175201
3.110176727053917,-0.8726671371749384,0.03134877712017134
3.1164599123610968,-0.48204781051100976,0.025098355042275842
3.1227430976682764,0.17392672631357442,0.018835047383286303
3.129026282975456,-0.3543558981682047,0.012562071393269012
3.1353094682826357,-0.5207863899938554,0.006282647874902589
3.1415926535898153,0.06100289506569179,-2.2081995812588396e-14
3.147875838896995,-0.2797327546832076,-0.006282647874946742
3.1541590242041746,-0.9415356228745355,-0.01256207139331313
3.1604422095113542,0.025639161409786393,-0.018835047383330365
3.166725394818534,-0.819466352293559,-0.025098355042319824
3.1730085801257135,-0.13149283310542126,-0.031348777120215214
3.179291765432893,-0.9891298692930643,-0.037583101101795774
3.185574950740073,-0.7344577768416096,-0.04379812038723097
3.1918581360472524,-0.40497090752123954,-0.04999063547051589
3.198141321354432,0.9001190507261714,-0.056157455115376766
3.2044245066616117,-0.11332710259735235,-0.06229539752822766
3.2107076919687914,-0.44653945005092543,-0.06840129152775973
3.216990877275971,0.7883105282865468,-0.07447197771074611
3.2232740625831506,0.7298410285057657,-0.08050430961364673
3.2295572478903303,-0.7546800019583717,-0.08649515486959855
3.23584043319751,0.6492015325329334,-0.09244139636037903
3.2421236185046896,-0.4751887821318552,-0.09833993336293145
3.248406803811869,-0.49357132191353514,-0.10418768269004373
3.254689989119049,0.8878878791691689,-0.10998157982477362
3.2609731744262285,-0.6410288667761015,-0.1157185800482156
3.267256359733408,-0.6271057311037205,-0.12139565956020766
3.2735395450405878,-0.20297068786430938,-0.12700981659257762
3.2798227303477674,-0.5472326361163113,-0.1325580725145327
3.286105915654947,0.9326381045606869,-0.13803747292979723
3.2923891009621267,-0.5109694626788226,-0.1434450887651079
3.2986722862693063,0.7052505376533276,-0.1487780173496777
3.304955471576486,-0.9198773643850839,-0.15403338348524395
3.3112386568836656,0.7607234566732954,-0.15920834050631844
3.3175218421908452,-0.6302263853726477,-0.16430007133026134
3.323805027498025,-0.5506702156805641,-0.16930578949680472
3.3300882128052045,-0.8949166821725081,-0.17422274019665435
3.336371398112384,0.3042579143749089,-0.17904820128880305
3.342654583419564,-0.05812415351616562,-0.18377948430619245
3.3489377687267434,-0.3766446806493957,-0.18841393544936474
3.355220954033923,-0.21633150698375014,-0.19294893656774917
3.3615041393411027,-0.553232305107235,-0.19738190612823367
3.3677873246482823,-0.7545439804096779,-0.20171030017067598
3.374070509955462,0.5529475090816376,-0.20593161325001286
3.3803536952626416,0.34709767108011214,-0.21004337936463144
3.3866368805698213,-0.3317204182123874,-0.21404317287067146
3.392920065877001,0.4430486486822123,-0.21792860938193168
3.3992032511841805,0.22974178682393975,-0.2216973466550596
3.40548643649136,0.2598256798836458,-0.2253470854597081
3.41176962179854,-0.9575665580813066,-0.228875570433349
3.4180528071057195,0.5125866192725628,-0.2322805909204373
3.424335992412899,-0.833466680823798,-0.23555998179562768
3.4306191777200787,0.2018160329465315,-0.2387116242707479
3.4369023630272584,0.3702543835094494,-0.24173344668524255
3.443185548334438,0.3564200036198022,-0.24462342527980305
3.4494687336416177,0.1074254288173686,-0.24737958495290904
3.4557519189487973,0.8167054012561041,-0.25000000000001005
3.462035104255977,-0.47243113109829693,-0.2524827948350833
3.4683182895631566,0.1455135807830792,-0.2548261446943106
3.474601474870336,-0.1605473088109779,-0.25702827632162173
3.480884660177516,0.8844343240403603,-0.2590874686358605
3.4871678454846955,0.4704583632461721,-0.26100205337933347
3.493451030791875,0.07919042867417692,-0.2627704157475111
3.4997342160990548,-0.489840486606941,-0.2643909949996548
3.5060174014062344,0.991728389777027,-0.2658622850501525
3.512300586713414,0.7480192500734588,-0.26718283504035006
3.5185837720205937,-0.25608276271581687,-0.26835124989067516
3.5248669573277733,-0.18247342324224336,-0.26936619083285496
3.531150142634953,0.35201523640435695,-0.2702263759220378
3.5374333279421326,-0.7658945510966682,-0.27093058052863495
3.5437165132493122,-0.6494391361693468,-0.27147763780970674
3.549999698556492,-0.3309994550077271,-0.2718664391597237
3.5562828838636715,-0.6645477020569142,-0.27209593464054144
3.562566069170851,0.15304953293026902,-0.27216513339043485
3.568849254478031,-0.5136641648456117,-0.27207310401204515
3.5751324397852104,0.2813859442729667,-0.27181897493910034
3.58141562509239,-0.7713621531538499,-0.2714019347817772
3.5876988103995697,0.7478712094790956,-0.27082123265058106
3.5939819957067494,-0.06849070698660187,-0.27007617845862686
3.600265181013929,0.2754060693863898,-0.2691661432022122
3.6065483663211086,0.0680319808034544,-0.26809055921958175
3.6128315516282883,0.41699689163785525,-0.26684892042778996
3.619114736935468,0.13218183686366247,-0.2654407825375755
3.6253979222426476,0.8816882172296705,-0.2638657632461708
3.631681107549827,0.661263303480943,-0.2621235424079762
3.637964292857007,0.4754957986332464,-0.26021386218303705
3.6442474781641865,-0.9740332979510047,-0.25813652716326907
3.650530663471366,-0.9475341006191613,-0.2558914044763864
3.6568138487785458,-0.6316138498286206,-0.2534784238674937
3.6630970340857254,0.3124578666095259,-0.2508975777583119
3.669380219392905,0.3304041183429083,-0.2481489212840157
3.6756634047000847,-0.27127949261874806,-0.24523257230766746
3.6819465900072643,-0.23938462775535596,-0.2421487114122421
3.688229775314444,0.8590265318400216,-0.23889758187024368
3.6945129606216236,0.15117044927884704,-0.23547948959092346
3.7007961459288032,-0.3649077680212873,-0.23189480304511678
3.707079331235983,0.05126255997910523,-0.2281439531677242
3.7133625165431625,-0.05991826518100907,-0.2242274332378704
3.719645701850342,0.6673897515958915,-0.2201457987367816
3.725928887157522,-0.08563510683364228,-0.2158996671834311
3.7322120724647014,-0.6072894716685702,-0.21148971794801008
3.738495257771881,0.09728533387559213,-0.2069166920432883
3.7447784430790607,0.06039003611616778,-0.20218139189393786
3.7510616283862404,-0.980844906503006,-0.19728468108390051
3.75734481369342,-0.31892454254877545,-0.19222748408188686
3.7636279990005996,0.7985165845018825,-0.18701078594510417
3.7699111843077793,-0.9450983898978771,-0.18163563200131644
3.776194369614959,0.4874927915418632,-0.17610312750934828
3.7824775549221386,0.40489785327343353,-0.17041443729815237
3.788760740229318,0.2966661519805378,-0.16457078538456718
3.795043925536498,-0.19244758345634416,-0.15857345456989963
3.8013271108436775,0.13093748051587228,-0.15242378601547493
3.807610296150857,0.028130745392245027,-0.14612317879730252
3.8138934814580367,0.6672305915779531,-0.13967308944001633
3.8201766667652164,0.6353136740736276,-0.13307503143025212
3.826459852072396,-0.3707237223811839,-0.12633057470963516
3.8327430373795757,0.33713658471408037,-0.119441345147556
3.8390262226867553,-0.7369688984502814,-0.11240902399392122
3.845309407993935,0.18397582045449834,-0.10523534731207165
3.8515925933011146,0.03917164807566764,-0.09792210539206926
3.8578757786082942,-0.2580340391712028,-0.09047114214455897
3.864158963915474,0.2939011212023277,-0.08288435447542065
3.8704421492226535,-0.06058281962307954,-0.07516369164143116
3.876725334529833,0.5389750676436043,-0.0673111545871653
3.883008519837013,0.07468163569378872,-0.05932879526336915
3.8892917051441924,0.19037394721730716,-0.05121871592704753
3.895574890451372,0.6071580306696467,-0.04298306842351271
3.9018580757585517,-0.19013707485516806,-0.0346240534506485
3.9081412610657313,-0.334942649488261,-0.02614391980564977
3.914424446372911,-0.8633942616723576,-0.01754496361450425
3.9207076316800906,-0.9607191566348399,-0.00882952754448883
3.9269908169872703,0.5507008791669266,4.0605914911720444e-14
3.93327400229445,0.26045726843980943,0.008941185698281373
3.9395571876016295,-0.7553734037533115,0.017991552149747736
3.945840372908809,-0.8901609705080407,0.02714857872686995
3.952123558215989,-0.708375393463041,0.036409702443126815
3.9584067435231685,-0.49548979636687007,0.04577231883640431
3.964689928830348,-0.08560356804718139,0.05523378286726769
3.9709731141375277,0.5296353717791074,0.06479140983182871
3.9772562994447074,-0.46113655144063825,0.07444247628888494
3.983539484751887,-0.27365598281242987,0.08418422100100274
3.9898226700590667,0.7679879083401451,0.09401384588921043
3.9961058553662463,0.5176207823320922,0.10392851700096378
4.0023890406734255,-0.33621314120869195,0.11392536549104007
4.008672225980605,-0.9654895814720952,0.12400148861501661
4.014955411287784,0.016279394828394578,0.13415395073497513
4.021238596594963,-0.7428932621265034,0.14437978433708226
4.027521781902142,-0.9573191368773755,0.1546759910606827
4.0338049672093215,0.7664033395947625,0.16503954273854016
4.040088152516501,0.5223494511541722,0.17546738244785878
4.04637133782368,0.1412659165293566,0.18595642557171116
4.052654523130859,0.1945093635044166,0.19650356087049828
4.058937708438038,0.0900468304466866,0.20710565156306004
4.0652208937452174,-0.1904832913709773,0.21775953641705514
4.071504079052397,-0.47499087423104625,0.22846203084822175
4.077787264359576,-0.9594533675415684,0.23920992802813126
4.084070449666755,-0.6661142475920838,0.250000000000041
4.090353634973934,-0.36518586509934914,0.26082899880245153
4.096636820281113,0.5195150058431497,0.2716936575999693
4.102920005588293,-0.8652541971273886,0.2825906918210744
4.109203190895472,0.8930610384725768,0.29351680030239014
4.115486376202651,-0.7279393630751327,0.3044686664390478
4.12176956150983,-0.1339863047983414,0.3154429593407404
4.128052746817009,-0.46221346880272995,0.3264363349930538
4.134335932124189,-0.542841659548037,0.33744543742366534
4.140619117431368,-0.8510313256096751,0.3484668998729941
4.146902302738547,-0.0956812291919944,0.3594973459688904
4.153185488045726,0.8100130482675694,0.3705333909049459
4.159468673352905,-0.14148072980307358,0.38157164262200793
4.165751858660085,-0.14065264464107474,0.3926087029924776
4.172035043967264,0.7756279500774073,0.40364116900697355
4.178318229274443,0.8560372281479609,0.41466563396293915
4.184601414581622,0.6692785523413209,0.42567868865477215
4.190884599888801,0.1730679728511746,0.4366769225650546
4.1971677851959805,0.538321042959653,0.4476569250564609
4.20345097050316,0.1452418667341886,0.4586152865639211
4.209734155810339,-0.8592632967488629,0.4695485997866163
4.216017341117518,-0.6889176742018484,0.4804534608793839
4.222300526424697,-0.6918740301131945,0.4913264706431104
4.2285837117318765,-0.2867410205836314,0.5021642357136881
4.234866897039056,0.11685352104999436,0.512963369749116
4.241150082346235,-0.3934066046343252,0.5237204946143234
4.247433267653414,0.5602166195858362,0.5344322415632932
4.253716452960593,-0.19630378011053184,0.5450952524180706
4.2599996382677725,-0.5078207910502825,0.5557061807442345
4.266282823574952,0.09754600281378356,0.5662616930224176
4.272566008882131,-0.05300836039575274,0.5767584698154573
4.27884919418931,0.750586017411859,0.5871932069307657
4.285132379496489,0.04848061613325538,0.5975626165775045
4.2914155648036685,0.5740582559785603,0.6078634285181562
4.297698750110848,0.8447052477384014,0.6180923912140805
4.303981935418027,0.13371971960137063,0.6282462729646525
4.310265120725206,0.1223406981458155,0.638321863039576
4.316548306032385,-0.8634303128075498,0.6483159728039725
4.3228314913395645,0.2785749801536881,0.6582254368358443
4.329114676646744,-0.0039824174726870165,0.6680471140355185
4.335397861953923,0.330458075993759,0.6777778887266747
4.341681047261102,-0.2735641515513645,0.6874146717485682
4.347964232568281,-0.8429642756761877,0.6969544015390611
4.35424741787546,-0.016645246993152396,0.7063940452080761
4.36053060318264,-0.8225325791910625,0.7157305996010926
4.366813788489819,0.838814653418755,0.7249610923523074
4.373096973796998,0.40962253915927516,0.7340825829270885
4.379380159104177,-0.7631986978951322,0.7430921636533481
4.385663344411356,0.1811477667378789,0.7519869607414733
4.391946529718536,0.9183815537927622,0.7607641352924492
4.398229715025715,0.46794364070653716,0.7694208842938192
4.404512900332894,0.46954748165235394,0.7779544416031269
4.410796085640073,-0.3423199595713218,0.7863620789184932
4.417079270947252,0.8164063251150169,0.7946411067359815
4.423362456254432,0.8984006489909981,0.8027888752934135
4.429645641561611,-0.44326234964809763,0.8108027755003003
4.43592882686879,-0.2157893724829798,0.8186802398535575
4.442212012175969,0.7639632087366157,0.826418743338681
4.448495197483148,-0.5550866350280377,0.8340158043160629
4.454778382790328,-0.9786682294874043,0.8414689853921339
4.461061568097507,-0.45965032865753597,0.8487758942750216
4.467344753404686,-0.8589473825449947,0.8559341846144225
4.473627938711865,0.5918818720946513,0.8629415568253884
4.479911124019044,0.6909224834339125,0.8697957588957373
4.4861943093262235,-0.020355689028620505,0.8764945871767991
4.492477494633403,-0.6533431215654746,0.8830358871572173
4.498760679940582,0.9710735861384223,0.889417554219533
4.505043865247761,0.6840773026723808,0.8956375343792807
4.51132705055494,-0.8664507215312678,0.9016938250063345
4.5176102358621195,-0.6782404099904533,0.9075844755282496
4.523893421169299,-0.4058012173727681,0.9133075881153487
4.530176606476478,0.9252036382237803,0.918861318347309
4.536459791783657,-0.2898389568315982,0.9242438758610168
4.542742977090836,0.6256316198699632,0.9294535249794552
4.5490261623980155,0.05147789337268138,0.9344885853214067
4.555309347705195,0.7690400824092127,0.9393474323917487
4.561592533012374,0.19608963397225154,0.9440284981521382
4.567875718319553,0.9744881251211202,0.9485302715718795
4.574158903626732,-0.20686874814013234,0.9528512991587799
4.5804420889339115,-0.22818787291330622,0.9569901854698061
4.586725274241091,0.9560150768625724,0.96094559360136
4.59300845954827,0.33999546854203033,0.9647162456589984
4.599291644855449,-0.48437034102054777,0.9683009232064319
4.605574830162628,0.7599172217239811,0.9716984676936422
4.6118580154698074,-0.4752984664859099,0.9749077808639671
4.618141200776987,-0.9935882770180402,0.9779278251400072
4.624424386084166,0.15589133484540385,0.980757623988219
4.630707571391345,-0.07473702266356996,0.9833962622620638
4.636990756698524,-0.985881397109925,0.9858428865235916
4.643273942005703,0.7677558437007515,0.9880967053433449
4.649557127312883,0.5550913042051508,0.9901569895784766
4.655840312620062,-0.6762449043619132,0.9920230726289831
4.662123497927241,-0.4656835278358189,0.9936943506719628
4.66840668323442,0.2499439609527916,0.9951702828738129
4.674689868541599,-0.19536549069321385,0.9964503915802964
4.680973053848779,-0.316046135866507,0.9975342624844037
4.687256239155958,-0.3799798221673547,0.9984215447719552
4.693539424463137,0.9509140656031616,0.9991119512448907
4.699822609770316,0.45845944329813015,0.9996052584222017
4.706105795077495,0.44056429684450626,0.9999013066184727
4.712388980384675,-0.7116356290145005,1.0
4.718672165691854,-0.06426618723577593,0.9999013066184737
4.724955350999033,0.18564244386810236,0.9996052584222037
4.731238536306212,0.7802909258120305,0.9991119512448936
4.737521721613391,0.30104106558361843,0.9984215447719591
4.7438049069205706,-0.554251668786335,0.9975342624844085
4.75008809222775,-0.9636700396724496,0.9964503915803021
4.756371277534929,0.8222136821748993,0.9951702828738196
4.762654462842108,-0.2096921956141189,0.9936943506719704
4.768937648149287,-0.11973623061126393,0.9920230726289918
4.7752208334564665,0.5718267477325889,0.9901569895784862
4.781504018763646,0.02056514603873194,0.9880967053433554
4.787787204070825,0.8752393070055047,0.9858428865236031
4.794070389378004,-0.14096912217183033,0.9833962622620761
4.800353574685183,-0.06260671820591157,0.9807576239882322
4.8066367599923625,0.2222047748185494,0.9779278251400214
4.812919945299542,-0.7380176154569937,0.9749077808639822
4.819203130606721,-0.17077312799081912,0.9716984676936583
4.8254863159139,-0.7732306200281978,0.9683009232064488
4.831769501221079,-0.5728176655300246,0.9647162456590163
4.8380526865282585,-0.4245417765900532,0.9609455936013789
4.844335871835438,-0.31217169195176364,0.9569901854698258
4.850619057142617,0.4891004871248954,0.9528512991588005
4.856902242449796,0.5749712926644541,0.948530271571901
4.863185427756975,-0.23401980225274244,0.9440284981521605
4.8694686130641545,0.5055055630874961,0.9393474323917719
4.875751798371334,0.46105976780266356,0.9344885853214308
4.882034983678513,0.19691347480753674,0.9294535249794801
4.888318168985692,0.45636582392394254,0.9242438758610425
4.894601354292871,0.18672717027469554,0.9188613183473355
4.90088453960005,-0.44643587150171515,0.9133075881153762
4.90716772490723,0.6458183337136336,0.907584475528278
4.913450910214409,-0.019936034249040224,0.9016938250063636
4.919734095521588,-0.0818815132797941,0.8956375343793106
4.926017280828767,0.4309443225550036,0.8894175542195637
4.932300466135946,0.6941780869975334,0.8830358871572488
4.938583651443126,-0.12541151739307277,0.8764945871768313
4.944866836750305,0.5195790749895248,0.8697957588957702
4.951150022057484,-0.034837025237189234,0.8629415568254222
4.957433207364663,0.3136686068118184,0.8559341846144569
4.963716392671842,0.724243767012333,0.8487758942750571
4.969999577979022,-0.6029262290304394,0.8414689853921699
4.976282763286201,0.4067310742933219,0.8340158043160996
4.98256594859338,0.7193467042404642,0.8264187433387182
4.988849133900559,-0.5258990761980871,0.8186802398535954
4.995132319207738,0.220019368098052,0.8108027755003392
5.001415504514918,-0.1620080608472816,0.8027888752934529
5.007698689822097,-0.17656917172236208,0.7946411067360215
5.013981875129276,0.18413104004957503,0.7863620789185339
5.020265060436455,0.44278365485787896,0.7779544416031683
5.026548245743634,-0.7947473651681989,0.769420884293861
5.0328314310508135,0.9207693466126687,0.7607641352924917
5.039114616357993,0.2299001843409847,0.7519869607415163
5.045397801665172,-0.6471002765266203,0.7430921636533917
5.051680986972351,-0.8994703197178562,0.7340825829271326
5.05796417227953,0.6749396693469556,0.7249610923523521
5.0642473575867095,-0.13662024466681766,0.7157305996011378
5.070530542893889,-0.47549354841727953,0.7063940452081219
5.076813728201068,-0.3116240000765371,0.6969544015391073
5.083096913508247,0.27033755600999765,0.6874146717486147
5.089380098815426,0.47170561125813304,0.6777778887267218
5.0956632841226055,-0.9228774976071201,0.668047114035566
5.101946469429785,-0.11666198097472558,0.6582254368358923
5.108229654736964,0.8450275934146894,0.6483159728040209
5.114512840044143,0.6426824504531259,0.6383218630396249
5.120796025351322,-0.41922112650525234,0.6282462729647018
5.1270792106585015,-0.08613365386575333,0.6180923912141301
5.133362395965681,-0.6643319717637652,0.6078634285182062
5.13964558127286,-0.6491228405306644,0.5975626165775548
5.145928766580039,0.6709997165999191,0.5871932069308161
5.152211951887218,-0.10706907226394247,0.5767584698155083
5.1584951371943975,-0.7457622264763022,0.5662616930224689
5.164778322501577,0.7018921022641316,0.555706180744286
5.171061507808756,-0.7220370270183734,0.5450952524181223
5.177344693115935,-0.8018680714369115,0.5344322415633451
5.183627878423114,0.035798233563064,0.5237204946143755
5.189911063730293,-0.6620723829225639,0.5129633697491685
5.196194249037473,0.6347082153356145,0.5021642357137406
5.202477434344652,0.9055605806892608,0.49132647064316315
5.208760619651831,-0.7307236938046122,0.48045346087943686
5.21504380495901,-0.27523036549744684,0.4695485997866694
5.221326990266189,-0.532656965620234,0.4586152865639744
5.227610175573369,-0.3004190492200578,0.4476569250565143
5.233893360880548,-0.26745797091032997,0.43667692256510793
5.240176546187727,-0.242207496860533,0.42567868865482567
5.246459731494906,-0.31601444804047674,0.4146656339629927
5.252742916802085,0.2535006918147664,0.40364116900702723
5.259026102109265,-0.7880035294752303,0.39260870299253126
5.265309287416444,0.024811796972090905,0.3815716426220616
5.271592472723623,-0.37921839814176805,0.3705333909049996
5.277875658030802,0.18459843924567232,0.35949734596894406
5.284158843337981,-0.0017339987210360785,0.34846689987304774
5.2904420286451606,0.08504928208956342,0.33744543742371896
5.29672521395234,-0.34705695972220263,0.3264363349931073
5.303008399259519,0.6168951422469451,0.3154429593407938
5.309291584566698,0.4710398496726187,0.3044686664391011
5.315574769873877,-0.8520511296532247,0.2935168003024433
5.3218579551810565,0.8030821916591719,0.2825906918211275
5.328141140488236,0.8150508078717111,0.27169365760002223
5.334424325795415,-0.09288173559581647,0.26082899880250426
5.340707511102594,0.7380858261715706,0.2500000000000936
5.346990696409773,0.9270445656570732,0.2392099280281836
5.3532738817169525,-0.7865568076024623,0.22846203084827396
5.359557067024132,0.7374107036413229,0.21775953641710707
5.365840252331311,-0.3001239861806084,0.20710565156311175
5.37212343763849,0.7725159826342598,0.1965035608705497
5.378406622945669,-0.38327416934266445,0.18595642557176237
5.3846898082528485,-0.2445989182039192,0.17546738244790966
5.390972993560028,-0.743900114234401,0.16503954273859076
5.397256178867207,-0.623265180812824,0.15467599106073293
5.403539364174386,-0.41033247794474237,0.1443797843371322
5.409822549481565,0.92946885507796,0.13415395073502467
5.4161057347887445,0.5875082934398967,0.12400148861506581
5.422388920095924,0.8716747008475505,0.11392536549108889
5.428672105403103,-0.5958662323309578,0.10392851700101222
5.434955290710282,-0.18745181726019067,0.09401384588925914
5.441238476017461,0.182851732951818,0.08418422100105172
5.44752166132464,-0.3720650008434958,0.07444247628893418
5.45380484663182,0.16748973882070994,0.06479140983187814
5.460088031938999,0.4142480064846663,0.05523378286731731
5.466371217246178,-0.9720482487542941,0.0457723188364541
5.472654402553357,0.23349230778243601,0.03640970244317672
5.478937587860536,-0.0378121130525646,0.027148578726919958
5.485220773167716,0.6797502573001208,0.017991552149797817
5.491503958474895,0.20674951918590212,0.008941185698331494
5.497787143782074,0.9930079403763092,9.07404102398737e-14
5.504070329089253,0.8230294819239272,-0.008829527544438711
5.510353514396432,0.4397400154471438,-0.01754496361445418
5.516636699703612,-0.1190585881858186,-0.02614391980559978
5.522919885010791,-0.4844915288738205,-0.03462405345059861
5.52920307031797,0.5388311218065887,-0.04298306842346296
5.535486255625149,-0.4604690555286599,-0.05121871592699794
5.541769440932328,0.0675901945538866,-0.05932879526331977
5.548052626239508,0.343122969798487,-0.06731115458711616
5.554335811546687,-0.4898846408434092,-0.07516369164138229
5.560618996853866,-0.003045720368630045,-0.08288435447537204
5.566902182161045,-0.32451930996316203,-0.0904711421445107
5.573185367468224,0.16597876811881518,-0.09792210539202133
5.5794685527754035,0.7042534882137317,-0.10523534731202412
5.585751738082583,0.601018574183529,-0.1124090239938741
5.592034923389762,-0.001765933198832892,-0.11944134514750936
5.598318108696941,-0.2299830001709975,-0.12633057470958897
5.60460129400412,-0.8791326496609231,-0.13307503143020646
5.6108844793112995,0.27879492711019926,-0.13967308943997123
5.617167664618479,-0.073888321136093,-0.14612317879725803
5.623450849925658,0.8515123314506956,-0.152423786015431
5.629734035232837,0.9701993053747233,-0.1585734545698564
5.636017220540016,0.6625645354599321,-0.16457078538452455
5.6423004058471955,-0.7149537091936944,-0.17041443729811048
5.648583591154375,0.2861930518111404,-0.17610312750930715
5.654866776461554,0.7338691579044989,-0.18163563200127605
5.661149961768733,-0.0456003305163768,-0.1870107859450646
5.667433147075912,-0.8516279773208533,-0.19222748408184806
5.6737163323830915,-0.7796252428760677,-0.1972846810838626
5.679999517690271,-0.4072288114957603,-0.20218139189390086
5.68628270299745,0.7836418587519214,-0.20691669204325214
5.692565888304629,-0.058769872137149015,-0.2114897179479749
5.698849073611808,-0.015748218780000434,-0.2158996671833969
5.7051322589189875,-0.21639976688481277,-0.22014579873674842
5.711415444226167,0.5733431581738395,-0.22422743323783825
5.717698629533346,0.15094291274944394,-0.22814395316769312
5.723981814840525,-0.03422280534994937,-0.23189480304508672
5.730265000147704,0.40108390135152083,-0.23547948959089457
5.736548185454883,0.9567272758227143,-0.2388975818702159
5.742831370762063,0.5502988719356317,-0.2421487114122155
5.749114556069242,-0.9582698650651587,-0.24523257230764203
5.755397741376421,0.5201595852197376,-0.24814892128399146
5.7616809266836,0.8785573847106325,-0.25089757775828897
5.767964111990779,-0.5436807737558915,-0.253478423867472
5.774247297297959,-0.029381313940639142,-0.25589140447636605
5.780530482605138,-0.06936882206900119,-0.25813652716325003
5.786813667912317,-0.40180161736026143,-0.2602138621830193
5.793096853219496,-0.15562667878431302,-0.2621235424079598
5.799380038526675,-0.7581740266677239,-0.26386576324615574
5.805663223833855,-0.6193252967586587,-0.26544078253756187
5.811946409141034,0.3439502231644045,-0.2668489204277778
5.818229594448213,0.754755693779704,-0.2680905592195711
5.824512779755392,0.43812658560616735,-0.26916614320220295
5.830795965062571,-0.26327646955383277,-0.2700761784586191
5.837079150369751,-0.9767774769131499,-0.2708212326505748
5.84336233567693,-0.36908248105509656,-0.2714019347817724
5.849645520984109,0.25971016045389206,-0.2718189749390971
5.855928706291288,-0.27221190977273024,-0.2720731040120435
5.862211891598467,0.5354249454480422,-0.27216513339043474
5.8684950769056465,0.9909419991914847,-0.27209593464054294
5.874778262212826,0.0770870566448385,-0.27186643915972675
5.881061447520005,-0.43158824775419635,-0.27147763780971135
5.887344632827184,-0.1344340494589713,-0.2709305805286412
5.893627818134363,0.793775557237655,-0.2702263759220457
5.8999110034415425,-0.48084422931336057,-0.2693661908328645
5.906194188748722,-0.7388063995433043,-0.2683512498906863
5.912477374055901,-0.9045371593648048,-0.26718283504036294
5.91876055936308,-0.47828498570852807,-0.26586228505016696
5.925043744670259,0.6624527691002544,-0.26439099499967095
5.9313269299774385,0.6889841936173944,-0.26277041574752885
5.937610115284618,0.3221661269991021,-0.261002053379353
5.943893300591797,0.37134887718483256,-0.25908746863588167
5.950176485898976,-0.8389255618493974,-0.2570282763216446
5.956459671206155,-0.7276806408341807,-0.2548261446943351
5.9627428565133345,-0.6001170717112245,-0.25248279483510955
5.969026041820514,-0.33991025073344483,-0.25000000000003797
5.975309227127693,0.11610638555976971,-0.24737958495293866
5.981592412434872,-0.4492302660516241,-0.24462342527983433
5.987875597742051,-0.6135106288589589,-0.24173344668527552
5.99415878304923,0.8453424701436194,-0.23871162427078257
6.00044196835641,0.3874789650016499,-0.235559981795664
6.006725153663589,0.3407802968100202,-0.2322805909204753
6.013008338970768,-0.6203990782604658,-0.22887557043338866
6.019291524277947,-0.5821725772017696,-0.2253470854597494
6.025574709585126,-0.7649576520055037,-0.22169734665510252
6.031857894892306,0.5428471453981105,-0.21792860938197628
6.038141080199485,-0.836093951995335,-0.2140431728707177
6.044424265506664,0.49086040091954297,-0.21004337936467926
6.050707450813843,0.28717924802967865,-0.2059316132500623
6.056990636121022,-0.1067688404511058,-0.20171030017072697
6.063273821428202,0.3727306888349682,-0.19738190612828624
6.069557006735381,-0.47957106199009725,-0.19294893656780332
6.07584019204256,-0.9443919569931256,-0.18841393544942045
6.082123377349739,0.2243967234441273,-0.18377948430624969
6.088406562656918,0.24463858736840915,-0.17904820128886176
6.094689747964098,-0.5628759551825449,-0.17422274019671458
6.100972933271277,0.24614230309317642,-0.16930578949686637
6.107256118578456,-0.6666792525460465,-0.16430007133032443
6.113539303885635,0.31036439771328106,-0.15920834050638297
6.119822489192814,0.5706391038442911,-0.15403338348530987
6.1261056744999935,0.9294098136964435,-0.148778017349745
6.132388859807173,-0.37276638891422054,-0.14344508876517653
6.138672045114352,-0.6522691353161576,-0.1380374729298672
6.144955230421531,0.309816044419176,-0.13255807251460394
6.15123841572871,-0.30191901322242254,-0.12700981659265015
6.1575216010358895,-0.3910262020492321,-0.12139565956028142
6.163804786343069,0.1964711675609796,-0.11571858004829058
6.170087971650248,0.8835728389583071,-0.10998157982484975
6.176371156957427,0.7313193277265164,-0.104187682690121
6.182654342264606,-0.11814114810262732,-0.09833993336300985
6.1889375275717855,-0.24490591296062525,-0.09244139636045849
6.195220712878965,0.31345566424489246,-0.08649515486967907
6.201503898186144,-0.975395995224841,-0.08050430961372824
6.207787083493323,-0.20698476985323078,-0.07447197771082859
6.214070268800502,-0.29697170372162107,-0.06840129152784313
6.2203534541076815,0.7783971582513658,-0.06229539752831197
6.226636639414861,0.45960333499157136,-0.05615745511546193
6.23291982472204,0.938945446688841,-0.04999063547060186
6.239203010029219,-0.8779451305971833,-0.04379812038731772
6.245486195336398,-0.44307449153105494,-0.037583101101883246
6.2517693806435775,0.9357662557432054,-0.03134877712030339
6.258052565950757,-0.6676270679976026,-0.025098355042408642
6.264335751257936,0.024599256274406178,-0.018835047383419786
6.270618936565115,-0.578184461465789,-0.012562071393403113
6.276902121872294,0.31678111014887955,-0.006282647875037237
6.283185307179473,0.4255180710474229,-1.1304358866174537e-13
