0.0,-0.7557215419127827,0.0
0.006283185307179587,0.8505113162535816,0.0062826478749246125
0.012566370614359173,0.9136249576611641,0.012562071393290965
0.01884955592153876,-0.39839227159057167,0.018835047383308174
0.025132741228718346,-0.6608319186262095,0.025098355042297623
0.031415926535897934,0.7181940586198674,0.03134877712019301
0.03769911184307752,-0.7057612118781824,0.037583101101773576
0.0439822971502571,0.4937191461445416,0.0437981203872088
0.050265482457436686,0.38206740960207686,0.04999063547049374
0.05654866776461627,0.5828648200808257,0.056157455115354665
0.06283185307179585,-0.39161971281557695,0.062295397528205614
0.06911503837897544,0.9052878363666383,0.06840129152773775
0.07539822368615502,-0.11887985046230098,0.07447197771072422
0.0816814089933346,0.2715108360078746,0.08050430961362491
0.08796459430051419,-0.5257657796032729,0.08649515486957686
0.09424777960769377,-0.8135115180441663,0.09244139636035745
0.10053096491487336,-0.5654717440218393,0.09833993336290998
0.10681415022205294,0.8622815224468241,0.10418768269002242
0.11309733552923253,-0.30299901353670355,0.10998157982475244
0.11938052083641211,-0.7324890132819455,0.1157185800481946
0.1256637061435917,0.6583632809903133,0.12139565956018683
0.1319468914507713,-0.8230137473039332,0.127009816592557
0.13823007675795088,0.6503794721648786,0.1325580725145123
0.14451326206513046,0.18548675396378367,0.13803747292977703
0.15079644737231004,0.32025894952822065,0.1434450887650879
0.15707963267948963,-0.05322646931050845,0.14877801734965795
0.1633628179866692,-0.3131626190958243,0.15403338348522444
0.1696460032938488,-0.6695965133995039,0.1592083405062992
0.17592918860102838,0.5772393876794821,0.16430007133024235
0.18221237390820796,0.49895329089757956,0.16930578949678604
0.18849555921538755,-0.606130650219938,0.17422274019663594
0.19477874452256713,0.24722772803069892,0.17904820128878493
0.20106192982974672,-0.4930476050248689,0.1837794843061747
0.2073451151369263,-0.6304358916443207,0.18841393544934734
0.21362830044410588,-0.03929286263279064,0.1929489365677321
0.21991148575128547,0.7943444510362963,0.19738190612821693
0.22619467105846505,-0.7749054006400518,0.20171030017065958
0.23247785636564464,0.11542818543543687,0.20593161324999684
0.23876104167282422,0.1797140292379733,0.21004337936461584
0.2450442269800038,0.733815415231273,0.21404317287065627
0.2513274122871834,-0.202171562175413,0.2179286093819169
0.257610597594363,0.7810772761521143,0.2216973466550452
0.2638937829015426,0.6789587876394201,0.22534708545969417
0.27017696820872217,-0.5831540125487409,0.2288755704333355
0.27646015351590175,0.8865088762659099,0.2322805909204243
0.28274333882308134,-0.029926593760031706,0.23555998179561516
0.2890265241302609,-0.1327673486147043,0.2387116242707358
0.2953097094374405,0.12824304135194176,0.24173344668523095
0.3015928947446201,-0.3969482622246665,0.24462342527979197
0.30787608005179967,0.27688931812764284,0.24737958495289847
0.31415926535897926,-0.2299640012443933,0.24999999999999994
0.32044245066615884,-0.13346368372316042,0.25248279483507374
0.3267256359733384,0.4077922143839203,0.25482614469430154
0.333008821280518,0.9546532261663254,0.2570282763216133
0.3392920065876976,-0.555170875020661,0.2590874686358526
0.3455751918948772,-0.13817450061587544,0.26100205337932614
0.35185837720205676,-0.9523028770308788,0.2627704157475043
0.35814156250923634,0.1257044342955238,0.2643909949996486
0.36442474781641593,-0.013894545569424821,0.26586228505014686
0.3707079331235955,0.9713076534754184,0.26718283504034507
0.3769911184307751,-0.48868991406510376,0.2683512498906708
0.3832743037379547,0.5860453409613426,0.2693661908328512
0.38955748904513426,-0.7343874712500902,0.2702263759220346
0.39584067435231385,-0.7571716933315917,0.2709305805286324
0.40212385965949343,0.7678253396353494,0.2714776378097048
0.408407044966673,0.3114177420294004,0.2718664391597224
0.4146902302738526,0.5003106232703696,0.2720959346405408
0.4209734155810322,0.3996916717547583,0.27216513339043485
0.42725660088821177,0.6612001094734923,0.2720731040120459
0.43353978619539135,-0.8581294446542211,0.27181897493910173
0.43982297150257094,0.5004249879028217,0.2714019347817792
0.4461061568097505,-0.22464464926074834,0.27082123265058383
0.4523893421169301,-0.2537680298756735,0.2700761784586303
0.4586725274241097,0.8033273160987333,0.2691661432022163
0.4649557127312893,-0.977786005096015,0.2680905592195866
0.47123889803846886,0.31452521567670644,0.2668489204277955
0.47752208334564844,0.0820434415797977,0.26544078253758174
0.483805268652828,0.4188029142564136,0.2638657632461777
0.4900884539600076,0.034838984083051416,0.26212354240798386
0.4963716392671872,-0.3424420760133715,0.26021386218304543
0.5026548245743668,-0.9605688923192359,0.2581365271632782
0.5089380098815465,-0.0314417836424139,0.2558914044763962
0.5152211951887261,0.907990402429945,0.2534784238675042
0.5215043804959058,0.03796802944378497,0.2508975777583231
0.5277875658030854,0.03205215439471565,0.24814892128402757
0.534070751110265,-0.22237652959423082,0.24523257230768006
0.5403539364174447,0.536687048742754,0.24214871141225539
0.5466371217246243,-0.2517725943100113,0.23889758187025775
0.552920307031804,0.7474375593292297,0.23547948959093823
0.5592034923389836,-0.9592388980766264,0.2318948030451322
0.5654866776461632,0.24193378880180294,0.22814395316774033
0.5717698629533429,0.2669362901558192,0.22422743323788724
0.5780530482605225,0.9323360164681753,0.22014579873679913
0.5843362335677021,0.6390791284307829,0.2158996671834493
0.5906194188748818,-0.07931364972489674,0.21148971794802895
0.5969026041820614,0.7908344640699863,0.20691669204330787
0.6031857894892411,0.07790882249647213,0.20218139189395815
0.6094689747964207,-0.9408523790997505,0.19728468108392141
0.6157521601036003,0.36583972262256625,0.19222748408190843
0.62203534541078,-0.12198696523200114,0.18701078594512643
0.6283185307179596,0.45381096935165877,0.18163563200133936
0.6346017160251393,-0.9053897216711666,0.1761031275093719
0.6408849013323189,0.9367200072720876,0.1704144372981766
0.6471680866394985,0.1840768239889714,0.16457078538459205
0.6534512719466782,0.8562103534226024,0.1585734545699252
0.6597344572538578,-0.8080747510104567,0.1524237860155011
0.6660176425610375,-0.16717315946403044,0.14612317879732936
0.6723008278682171,0.8608988712111634,0.13967308944004378
0.6785840131753967,-0.8366885491945089,0.13307503143028016
0.6848671984825764,0.7960084051327116,0.1263305747096638
0.691150383789756,0.10833875585431185,0.11944134514758528
0.6974335690969357,-0.9120015419554686,0.11240902399395107
0.7037167544041153,-0.6670340458686708,0.10523534731210211
0.7099999397112949,-0.14180604024297616,0.09792210539210028
0.7162831250184746,0.2621587915276966,0.09047114214459058
0.7225663103256542,-0.5805347012979127,0.08288435447545281
0.7288494956328339,0.8304693189883741,0.0751636916414639
0.7351326809400135,0.7880675216333899,0.0673111545871986
0.7414158662471931,-0.2519556585050595,0.05932879526340297
0.7476990515543728,-0.8452574105862147,0.05121871592708188
0.7539822368615524,-0.35934414276192106,0.042983068423547585
0.760265422168732,0.5623674446028806,0.034624053450683895
0.7665486074759117,-0.9283700651697171,0.026143919805685673
0.7728317927830913,-0.22052708988252778,0.017544963614540648
0.779114978090271,-0.003077651936523207,0.008829527544525706
0.7853981633974506,-0.5517091653804049,-3.2538963604241604E-15
0.7916813487046302,-0.7240821390455203,-0.008941185698243558
0.7979645340118099,0.6730007830474327,-0.017991552149709468
0.8042477193189895,0.7508256615695443,-0.02714857872683124
0.8105309046261692,0.8551812205007143,-0.036409702443087666
0.8168140899333488,0.5640770074947286,-0.045772318836364755
0.8230972752405284,-0.25798276640691187,-0.055233782867227715
0.8293804605477081,-0.09058630641710597,-0.06479140983178834
0.8356636458548877,0.1977157314838227,-0.07444247628884418
0.8419468311620674,0.5681554529286565,-0.0841842210009616
0.848230016469247,0.41522118412351294,-0.09401384588916893
0.8545132017764266,-0.7165323899112748,-0.10392851700092193
0.8607963870836063,-0.6646499693729504,-0.11392536549099859
0.8670795723907859,-0.6554208360436304,-0.12400148861497551
0.8733627576979656,-0.47823540947009735,-0.13415395073493444
0.8796459430051452,0.4183457004161406,-0.14437978433704204
0.8859291283123248,-0.8530805039584071,-0.15467599106064292
0.8922123136195045,0.5620732666250698,-0.16503954273850088
0.8984954989266841,-0.02336249019237857,-0.17546738244782
0.9047786842338638,-0.9798624729882228,-0.1859564255716729
0.9110618695410434,0.10593724847668384,-0.19650356087046053
0.917345054848223,0.5449090953963525,-0.2071056515630229
0.9236282401554027,-0.0909594963487741,-0.21775953641701853
0.9299114254625823,-0.05664937122377722,-0.22846203084818575
0.936194610769762,-0.6587320983595666,-0.23920992802809588
0.9424777960769416,0.8441453138649246,-0.2500000000000063
0.9487609813841212,-0.10481747621820436,-0.2608289988024174
0.9550441666913009,0.47236945695369736,-0.27169365759993586
0.9613273519984805,0.5994987948935162,-0.28259069182104163
0.9676105373056602,-0.16820256248883525,-0.29351680030235805
0.9738937226128398,0.2948330471938665,-0.30446866643901643
0.9801769079200194,0.10743995747542145,-0.3154429593407097
0.9864600932271991,0.7694698503646116,-0.3264363349930239
0.9927432785343787,0.44763528455934054,-0.33744543742363614
0.9990264638415584,-0.65865283254486,-0.3484668998729657
1.0053096491487379,0.356950682239231,-0.35949734596886257
1.0115928344559175,-0.8139362131261472,-0.3705333909049188
1.0178760197630972,0.6755734576136341,-0.3815716426219816
1.0241592050702768,-0.4022259843959659,-0.39260870299245204
1.0304423903774564,0.14129559992354768,-0.4036411690069488
1.036725575684636,-0.20050001710532017,-0.4146656339629152
1.0430087609918157,0.5863863930925408,-0.425678688654749
1.0492919462989954,-0.3329511461990149,-0.4366769225650322
1.055575131606175,-0.6703802576386837,-0.44765692505643934
1.0618583169133546,-0.5219853489107504,-0.4586152865639004
1.0681415022205343,0.855743916753456,-0.4695485997865964
1.074424687527714,-0.3678403081266226,-0.48045346087936497
1.0807078728348936,0.6592652433437689,-0.4913264706430922
1.0869910581420732,0.20595184668257271,-0.5021642357136706
1.0932742434492528,0.5513302311532826,-0.5129633697490995
1.0995574287564325,0.6025708278905499,-0.5237204946143076
1.1058406140636121,0.8287494611711936,-0.5344322415632783
1.1121237993707918,0.745929293514916,-0.5450952524180565
1.1184069846779714,0.6800731722864746,-0.5557061807442213
1.124690169985151,0.9560745836242124,-0.5662616930224053
1.1309733552923307,0.9086240887363219,-0.5767584698154457
1.1372565405995103,0.4528845155767962,-0.5871932069307548
1.14353972590669,0.49627838162245497,-0.5975626165774945
1.1498229112138696,0.39063557852726083,-0.607863428518147
1.1561060965210492,0.38057830613707555,-0.6180923912140721
1.1623892818282289,0.35944735775616743,-0.6282462729646449
1.1686724671354085,-0.10627353871574141,-0.6383218630395693
1.1749556524425881,-0.2613201366241571,-0.6483159728039664
1.1812388377497678,0.09366590241978678,-0.6582254368358389
1.1875220230569474,0.3962245184015487,-0.6680471140355139
1.193805208364127,-0.6604416199941918,-0.6777778887266707
1.2000883936713067,-0.35332578004714565,-0.687414671748565
1.2063715789784863,-0.7824485256921032,-0.6969544015390586
1.212654764285666,0.6672239234181716,-0.7063940452080744
1.2189379495928456,0.7550394153120334,-0.7157305996010914
1.2252211349000253,0.6857296575836138,-0.724961092352307
1.231504320207205,-0.12381444762788796,-0.7340825829270886
1.2377875055143845,-0.9302137770559438,-0.743092163653349
1.2440706908215642,0.5080571968744592,-0.7519869607414746
1.2503538761287438,-0.7656449484531607,-0.7607641352924511
1.2566370614359235,0.5613356998712886,-0.7694208842938218
1.262920246743103,-0.7699680232431034,-0.7779544416031302
1.2692034320502827,-0.7455239699114222,-0.786362078918497
1.2754866173574624,-0.43762291520462937,-0.7946411067359858
1.281769802664642,-0.346084462130291,-0.8027888752934182
1.2880529879718217,-0.2810270946170099,-0.8108027755003056
1.2943361732790013,0.7502342301334863,-0.8186802398535632
1.300619358586181,0.9454328419614133,-0.8264187433386871
1.3069025438933606,-0.5779316416215641,-0.8340158043160695
1.3131857292005402,-0.17892259271213895,-0.841468985392141
1.3194689145077199,0.9533374402015673,-0.848775894275029
1.3257520998148995,-0.6476670360004528,-0.85593418461443
1.3320352851220791,0.7184795052106727,-0.8629415568253964
1.3383184704292588,0.7462204744205141,-0.8697957588957456
1.3446016557364384,-0.2553334217500949,-0.8764945871768075
1.350884841043618,0.2729826565610176,-0.883035887157226
1.3571680263507977,-0.7345946159343979,-0.889417554219542
1.3634512116579773,0.10758793709640035,-0.89563753437929
1.369734396965157,0.4187842737349372,-0.901693825006344
1.3760175822723366,0.5924397640618109,-0.9075844755282593
1.3823007675795163,-0.10557562114806074,-0.9133075881153583
1.388583952886696,-0.26775229562259795,-0.9188613183473188
1.3948671381938755,0.7306892836149192,-0.9242438758610265
1.4011503235010552,-0.9329208959436255,-0.9294535249794651
1.4074335088082348,-0.6010711713352814,-0.9344885853214164
1.4137166941154145,0.42773918518308407,-0.9393474323917584
1.419999879422594,-0.26826495871012246,-0.9440284981521481
1.4262830647297737,0.9217225083304295,-0.9485302715718893
1.4325662500369534,-0.23910555652685828,-0.9528512991587895
1.438849435344133,0.19717385872900328,-0.9569901854698156
1.4451326206513126,0.8876922293869645,-0.9609455936013693
1.4514158059584923,0.3619853129405053,-0.9647162456590076
1.457698991265672,-0.5705222116287174,-0.9683009232064408
1.4639821765728516,0.5769802123611529,-0.9716984676936509
1.4702653618800312,0.044202872320034725,-0.9749077808639756
1.4765485471872108,-0.6160194684893661,-0.9779278251400153
1.4828317324943905,-0.9424905913716739,-0.9807576239882267
1.4891149178015701,-0.7344326651759201,-0.9833962622620711
1.4953981031087498,0.6896374667752112,-0.9858428865235986
1.5016812884159294,0.1639123199014847,-0.9880967053433515
1.507964473723109,-0.3570356530741732,-0.9901569895784827
1.5142476590302887,0.01782089967342415,-0.9920230726289888
1.5205308443374683,0.6626334555938829,-0.9936943506719679
1.526814029644648,-0.4770190166757231,-0.9951702828738176
1.5330972149518276,-0.6239909684609277,-0.9964503915803005
1.5393804002590072,0.8994876268746095,-0.9975342624844071
1.5456635855661869,-0.038641776023629726,-0.998421544771958
1.5519467708733665,-0.5115872215119288,-0.9991119512448928
1.5582299561805462,0.6582374717156572,-0.9996052584222032
1.5645131414877258,-0.5728564494509842,-0.9999013066184734
1.5707963267949054,0.6338060645711676,-1.0
1.577079512102085,-0.1906820686484214,-0.9999013066184729
1.5833626974092647,0.7392269108354654,-0.999605258422202
1.5896458827164444,-0.13641756508193303,-0.9991119512448912
1.595929068023624,0.8632029713931095,-0.9984215447719558
1.6022122533308036,0.4364709666039952,-0.9975342624844044
1.6084954386379833,0.20655736021931315,-0.9964503915802971
1.614778623945163,-0.004898200175759593,-0.9951702828738137
1.6210618092523426,0.3098609268377357,-0.9936943506719634
1.6273449945595222,0.4379987473328011,-0.9920230726289838
1.6336281798667018,-0.8310441073119901,-0.9901569895784772
1.6399113651738815,0.08630357284595114,-0.9880967053433455
1.6461945504810611,0.5305863754922173,-0.9858428865235921
1.6524777357882408,0.5983511682642213,-0.983396262262064
1.6587609210954204,-0.6117576160610934,-0.980757623988219
1.6650441064026,-0.6103313910995962,-0.9779278251400071
1.6713272917097797,0.8690150419030735,-0.9749077808639667
1.6776104770169593,0.0358206309488438,-0.9716984676936417
1.683893662324139,-0.15573252138048166,-0.968300923206431
1.6901768476313186,-0.41869707794521394,-0.9647162456589973
1.6964600329384982,0.5950104414250148,-0.9609455936013584
1.7027432182456779,0.5742677343923042,-0.9569901854698043
1.7090264035528575,-0.741948232107283,-0.9528512991587778
1.7153095888600371,-0.1991037039475867,-0.9485302715718769
1.7215927741672168,0.2685285889177744,-0.9440284981521352
1.7278759594743964,0.3175994768992436,-0.9393474323917451
1.734159144781576,-0.04815207024019519,-0.9344885853214026
1.7404423300887557,0.5930721583191625,-0.9294535249794507
1.7467255153959353,-0.6868825169469479,-0.9242438758610116
1.753008700703115,-0.09906108700667504,-0.9188613183473034
1.7592918860102946,-0.909134279320468,-0.9133075881153425
1.7655750713174743,-0.021048948286813918,-0.907584475528243
1.771858256624654,0.6064854442255736,-0.9016938250063271
1.7781414419318335,-0.7696858073836899,-0.8956375343792727
1.7844246272390132,-0.17008655806894568,-0.8894175542195244
1.7907078125461928,0.1308875729488601,-0.8830358871572079
1.7969909978533725,0.530337996984179,-0.876494587176789
1.803274183160552,-0.8269133045009209,-0.8697957588957266
1.8095573684677317,0.17922622769291463,-0.862941556825377
1.8158405537749114,-0.32001584240914305,-0.8559341846144103
1.822123739082091,0.3689489519293734,-0.8487758942750088
1.8284069243892707,-0.37577205772301614,-0.8414689853921201
1.8346901096964503,-0.4927330477837537,-0.8340158043160483
1.84097329500363,0.5551234625098738,-0.8264187433386656
1.8472564803108096,0.20569572001195335,-0.8186802398535413
1.8535396656179892,0.6489457083931529,-0.8108027755002833
1.8598228509251689,-0.48569952418337703,-0.8027888752933957
1.8661060362323485,-0.5660970296086076,-0.7946411067359627
1.8723892215395281,-0.46094316008507885,-0.7863620789184737
1.8786724068467078,0.9900502440150132,-0.7779544416031063
1.8849555921538874,0.23905896629966628,-0.7694208842937976
1.891238777461067,0.37999598931667133,-0.7607641352924267
1.8975219627682467,-0.2756675749771649,-0.7519869607414499
1.9038051480754263,0.12884326280211855,-0.7430921636533238
1.910088333382606,0.20182977945266156,-0.7340825829270632
1.9163715186897856,-0.9518967517463262,-0.7249610923522812
1.9226547039969653,0.044616707633630126,-0.7157305996010654
1.928937889304145,0.30120066583813787,-0.7063940452080479
1.9352210746113245,-0.8591848986576651,-0.6969544015390319
1.9415042599185042,-0.043199683576747194,-0.687414671748538
1.9477874452256838,-0.27568498211380543,-0.6777778887266436
1.9540706305328635,-0.6040867217639079,-0.6680471140354864
1.960353815840043,-0.035373800269394184,-0.6582254368358113
1.9666370011472227,0.7612267002335258,-0.6483159728039384
1.9729201864544024,0.5207650989196944,-0.6383218630395411
1.979203371761582,0.5002383600772602,-0.6282462729646164
1.9854865570687616,-0.4777074302313875,-0.6180923912140436
1.9917697423759413,-0.7982967081506329,-0.6078634285181181
1.998052927683121,0.6642871476648722,-0.5975626165774655
2.0043361129903006,-0.9919934939107278,-0.5871932069307255
2.01061929829748,-0.41682013913987137,-0.5767584698154163
2.01690248360466,-0.5389953932131473,-0.5662616930223756
2.0231856689118395,0.864252524916141,-0.5557061807441915
2.029468854219019,-0.3314812667847442,-0.5450952524180266
2.0357520395261988,0.022728492441907777,-0.5344322415632482
2.0420352248333784,-0.9678457079456375,-0.5237204946142774
2.048318410140558,0.8585282055857062,-0.5129633697490693
2.0546015954477377,-0.2701406928522918,-0.5021642357136402
2.0608847807549173,-0.37406154487920484,-0.49132647064306173
2.067167966062097,0.8802514660941629,-0.48045346087933427
2.0734511513692766,0.5559170480536211,-0.46954859978656577
2.0797343366764562,0.4181401647190628,-0.45861528656386974
2.086017521983636,0.14904210269297202,-0.4476569250564086
2.0923007072908155,0.6759770507379905,-0.4366769225650014
2.098583892597995,-0.7940177321655266,-0.4256786886547181
2.104867077905175,-0.6054159207328351,-0.4146656339628843
2.1111502632123544,0.3208230282358224,-0.4036411690069178
2.117433448519534,-0.8149298152710991,-0.39260870299242107
2.1237166338267137,-0.7720913419538682,-0.38157164262195065
2.1299998191338934,-0.45475654246931385,-0.37053339090488785
2.136283004441073,0.31855365517290357,-0.35949734596883154
2.1425661897482526,-0.4827960644087739,-0.3484668998729345
2.1488493750554323,0.339818650620598,-0.33744543742360505
2.155132560362612,0.48354324674163074,-0.32643633499299285
2.1614157456697916,-0.08045934254464027,-0.3154429593406787
2.167698930976971,-0.13066805205199783,-0.30446866643898546
2.173982116284151,0.4522275127834652,-0.2935168003023272
2.1802653015913305,0.48372608447456966,-0.2825906918210109
2.18654848689851,-0.9922176456859155,-0.27169365759990505
2.1928316722056898,0.642716825279771,-0.26082899880238675
2.1991148575128694,0.4240878097678136,-0.24999999999997569
2.205398042820049,0.2136695349963027,-0.23920992802806543
2.2116812281272287,-0.5937417815958874,-0.22846203084815547
2.2179644134344083,0.36949289905469507,-0.21775953641698836
2.224247598741588,0.22713757473000262,-0.20710565156299285
2.2305307840487676,-0.40156571423399345,-0.19650356087043064
2.2368139693559472,0.10888610147001154,-0.18595642557164319
2.243097154663127,-0.24624456166430453,-0.17546738244779045
2.2493803399703065,0.3240341787703249,-0.1650395427384715
2.255663525277486,-0.5787048575198279,-0.15467599106061375
2.261946710584666,-0.09780147642887682,-0.14437978433701307
2.2682298958918454,-0.6861899074402871,-0.13415395073490566
2.274513081199025,0.13801932665726002,-0.12400148861494695
2.2807962665062047,-0.1431052608486718,-0.11392536549097022
2.2870794518133843,0.0953049731858917,-0.1039285170008938
2.293362637120564,-0.3936435831263039,-0.09401384588914104
2.2996458224277436,-0.6233712612025029,-0.08418422100093395
2.3059290077349233,-0.9684478093346625,-0.0744424762888168
2.312212193042103,-0.38227776126501634,-0.06479140983176121
2.3184953783492825,-0.17998038944983352,-0.05523378286720085
2.324778563656462,-0.3307770367906504,-0.04577231883633816
2.331061748963642,-0.08135071000177985,-0.036409702443061354
2.3373449342708215,-0.9018282785907159,-0.02714857872680522
2.343628119578001,0.6447861178711516,-0.017991552149683745
2.3499113048851807,-0.5121161168378972,-0.008941185698218139
2.3561944901923604,-0.597593248896217,2.1851401013137188E-14
2.36247767549954,-0.2965429758849296,0.008829527544550493
2.3687608608067197,0.7555388450562333,0.017544963614565104
2.3750440461138993,0.6434853397974125,0.026143919805709803
2.381327231421079,-0.8187456116389031,0.03462405345070768
2.3876104167282586,0.4950510143775635,0.04298306842357103
2.393893602035438,0.9920281648531173,0.051218715927104974
2.400176787342618,-0.2164870325962045,0.05932879526342571
2.4064599726497975,0.3323895308033258,0.06731115458722096
2.412743157956977,0.8520378578850394,0.0751636916414859
2.4190263432641568,0.3742559401330512,0.08288435447547443
2.4253095285713364,-0.7345270157069796,0.09047114214461183
2.431592713878516,-0.17799186080540275,0.09792210539212115
2.4378758991856957,0.11257051527638984,0.10523534731212257
2.4441590844928753,-0.5386098716682488,0.11240902399397115
2.450442269800055,0.5394970329970357,0.11944134514760493
2.4567254551072346,0.021084963530504597,0.1263305747096831
2.4630086404144143,-0.9979804730968265,0.13307503143029903
2.469291825721594,-0.7560315290462258,0.1396730894400622
2.4755750110287735,-0.25398681358210085,0.14612317879734738
2.481858196335953,-0.6255325080913525,0.1524237860155187
2.488141381643133,0.6445059495396364,0.15857345456994235
2.4944245669503124,-0.24670992508307155,0.1645707853846088
2.500707752257492,-0.3808785018335039,0.1704144372981929
2.5069909375646717,-0.22855804778511124,0.17610312750938772
2.5132741228718514,0.995524750557502,0.1816356320013548
2.519557308179031,-0.12146584008391748,0.18701078594514137
2.5258404934862106,-0.01642350151990457,0.19222748408192294
2.5321236787933903,-0.12118231432339543,0.19728468108393551
2.53840686410057,-0.6131171444463945,0.20218139189397175
2.5446900494077496,0.501286802104572,0.20691669204332103
2.550973234714929,-0.8569552773261224,0.2114897179480417
2.557256420022109,-0.27703191543161654,0.21589966718346154
2.5635396053292885,-0.45880993003030457,0.2201457987368109
2.569822790636468,0.9887958113662361,0.22422743323789857
2.5761059759436478,0.2795723792318763,0.22814395316775116
2.5823891612508274,0.14515720684682676,0.23189480304514254
2.588672346558007,-0.10834272605588446,0.23547948959094805
2.5949555318651867,0.33141546723493476,0.23889758187026713
2.6012387171723663,0.6189615231812289,0.24214871141226435
2.607521902479546,-0.5951296564234076,0.24523257230768855
2.6138050877867256,-0.6660277318989183,0.2481489212840356
2.6200882730939052,0.766343339448764,0.2508975777583306
2.626371458401085,0.5640212101913538,0.25347842386751124
2.6326546437082645,0.16875973411925593,0.25589140447640285
2.638937829015444,0.6405383235290278,0.2581365271632843
2.645221014322624,-0.40110857075043915,0.2602138621830511
2.6515041996298034,-0.7425760516139457,0.262123542407989
2.657787384936983,-0.601795522297474,0.26386576324618244
2.6640705702441627,0.6833774083012987,0.26544078253758596
2.6703537555513424,0.11417526440098102,0.2668489204277993
2.676636940858522,0.10816422248802882,0.2680905592195899
2.6829201261657016,-0.7636232400289704,0.2691661432022192
2.6892033114728813,0.3405144571787988,0.2700761784586327
2.695486496780061,0.9662448909076704,0.2708212326505857
2.7017696820872406,0.7003815411671133,0.2714019347817807
2.70805286739442,0.8960957693376463,0.27181897493910273
2.7143360527016,-0.49832463884893663,0.2720731040120464
2.7206192380087795,-0.7616780591471877,0.27216513339043497
2.726902423315959,0.2005749659056011,0.2720959346405404
2.7331856086231388,-0.2373581277456116,0.27186643915972153
2.7394687939303184,-0.05735316259405354,0.2714776378097034
2.745751979237498,-0.5130514806592326,0.2709305805286305
2.7520351645446777,-0.1109958729069036,0.2702263759220323
2.7583183498518573,0.45109350045099217,0.26936619083284835
2.764601535159037,-0.9963378991453367,0.2683512498906675
2.7708847204662166,-0.48550682342682383,0.26718283504034135
2.7771679057733962,0.7633339028857207,0.26586228505014264
2.783451091080576,-0.6043588853922015,0.2643909949996439
2.7897342763877555,-0.014308628393724376,0.26277041574749915
2.796017461694935,-0.6413992034810159,0.2610020533793205
2.802300647002115,0.2973491628179816,0.25908746863584653
2.8085838323092944,-0.3012781609297863,0.25702827632160674
2.814867017616474,0.9695325367255236,0.25482614469429454
2.8211502029236537,-0.9561869136313028,0.2524827948350663
2.8274333882308333,0.38482899920680524,0.24999999999999212
2.833716573538013,0.43071006687684243,0.24737958495289017
2.8399997588451926,0.3661125636506912,0.2446234252797832
2.8462829441523723,-0.9902723201606833,0.2417334466852218
2.852566129459552,0.2584363111862311,0.2387116242707262
2.8588493147667315,0.3462892518301639,0.23555998179560506
2.865132500073911,0.9224259077007162,0.23228059092041384
2.871415685381091,0.8117039306051688,0.2288755704333246
2.8776988706882705,-0.2542549287066622,0.22534708545968288
2.88398205599545,0.07152130422658076,0.22169734665503346
2.8902652413026297,0.13605148170966008,0.21792860938190478
2.8965484266098094,0.6842645644500427,0.21404317287064376
2.902831611916989,-0.3907082912946953,0.21004337936460293
2.9091147972241687,-0.783980342038803,0.20593161324998355
2.9153979825313483,0.07220669914286026,0.2017103001706459
2.921681167838528,0.8639822151912047,0.19738190612820286
2.9279643531457076,0.9148038230966113,0.19294893656771767
2.934247538452887,-0.4224755890384613,0.18841393544933255
2.940530723760067,-0.5691897907523906,0.18377948430615954
2.9468139090672465,-0.8122181721239461,0.17904820128876947
2.953097094374426,0.3815246369121317,0.1742227401966201
2.9593802796816058,0.6315666997959193,0.16930578949676983
2.9656634649887854,-0.622956458001048,0.16430007133022584
2.971946650295965,0.4142289962095991,0.15920834050628235
2.9782298356031447,-0.5091826525965069,0.1540333834852073
2.9845130209103243,0.8368010007409652,0.14877801734964047
2.990796206217504,0.12741530258674283,0.14344508876507012
2.9970793915246836,0.9595158740535867,0.13803747292975896
3.0033625768318633,-0.23600124963336455,0.13255807251449392
3.009645762139043,-0.06302489487423357,0.12700981659253838
3.0159289474462225,-0.42565188519857955,0.12139565956016797
3.022212132753402,0.2964971742975169,0.11571858004817549
3.028495318060582,-0.932382096317308,0.1099815798247331
3.0347785033677614,-0.5966028572770632,0.10418768269000282
3.041061688674941,0.3358235011460695,0.09833993336289015
3.0473448739821207,-0.8657318920271044,0.09244139636033741
3.0536280592893004,0.06416049829314563,0.08649515486955661
3.05991124459648,0.4371501737594461,0.08050430961360447
3.0661944299036596,-0.4673628208667986,0.07447197771070357
3.0724776152108393,0.6774183031063146,0.06840129152771693
3.078760800518019,-0.0015742212503810915,0.06229539752818462
3.0850439858251986,-0.46180404175066614,0.056157455115333516
3.091327171132378,0.3243303809122995,0.049990635470472444
3.097610356439558,0.7582350544383767,0.04379812038718737
3.1038935417467375,0.8945875929573663,0.03758310110175201
3.110176727053917,0.5488988420739755,0.03134877712017134
3.1164599123610968,-0.2241199180334914,0.025098355042275842
3.1227430976682764,-0.5582289438078123,0.018835047383286303
3.129026282975456,0.9362184744929987,0.012562071393269012
3.1353094682826357,-0.7076071378889244,0.006282647874902589
3.1415926535898153,-0.019253148722702562,-2.2081995812588396E-14
3.147875838896995,0.8228311431738542,-0.006282647874946742
3.1541590242041746,-0.6886808663803836,-0.01256207139331313
3.1604422095113542,0.4516045947067304,-0.018835047383330365
3.166725394818534,0.5318934398867827,-0.025098355042319824
3.1730085801257135,-0.8344256613955598,-0.031348777120215214
3.179291765432893,0.12666313325245593,-0.037583101101795774
3.185574950740073,0.17263557225570358,-0.04379812038723097
3.1918581360472524,0.4109037834673934,-0.04999063547051589
3.198141321354432,0.2805674482883431,-0.056157455115376766
3.2044245066616117,0.1305310885181945,-0.06229539752822766
3.2107076919687914,0.02659847018518513,-0.06840129152775973
3.216990877275971,0.15634720125664758,-0.07447197771074611
3.2232740625831506,-0.9092327975762697,-0.08050430961364673
3.2295572478903303,-0.06982498704344597,-0.08649515486959855
3.23584043319751,0.42689185371502214,-0.09244139636037903
3.2421236185046896,0.7760488809376966,-0.09833993336293145
3.248406803811869,-0.29295133571078,-0.10418768269004373
3.254689989119049,-0.8498814499915077,-0.10998157982477362
3.2609731744262285,0.37428904059036183,-0.11571858004821561
3.267256359733408,0.2839425645349727,-0.12139565956020766
3.2735395450405878,-0.9844617008026479,-0.12700981659257762
3.2798227303477674,0.5496645633604431,-0.1325580725145327
3.286105915654947,-0.5098927750769855,-0.13803747292979723
3.2923891009621267,-0.02930277265387171,-0.1434450887651079
3.2986722862693063,0.7731504294663814,-0.1487780173496777
3.304955471576486,0.502747943771066,-0.15403338348524395
3.3112386568836656,-0.30188646245513384,-0.15920834050631844
3.3175218421908452,0.5583259041023874,-0.16430007133026134
3.323805027498025,0.514367013622745,-0.16930578949680472
3.3300882128052045,-0.5594647252573364,-0.17422274019665437
3.336371398112384,-0.3712846909203227,-0.17904820128880305
3.342654583419564,-0.7575012268858716,-0.18377948430619245
3.3489377687267434,0.19144012820051204,-0.18841393544936474
3.355220954033923,-0.13305869243113588,-0.19294893656774917
3.3615041393411027,0.8443728705110778,-0.19738190612823367
3.3677873246482823,0.29230038880240783,-0.20171030017067598
3.374070509955462,-0.5981607948586161,-0.20593161325001286
3.3803536952626416,-0.6205050154892855,-0.21004337936463144
3.3866368805698213,-0.676936956170165,-0.21404317287067146
3.392920065877001,0.3556845985201036,-0.21792860938193168
3.3992032511841805,-0.699096880893733,-0.2216973466550596
3.40548643649136,-0.23724446265523813,-0.2253470854597081
3.41176962179854,0.28701287360314165,-0.228875570433349
3.4180528071057195,0.9098976713113327,-0.2322805909204373
3.424335992412899,-0.14570001508369357,-0.23555998179562768
3.4306191777200787,0.6687435730341522,-0.2387116242707479
3.4369023630272584,-0.5731864935816202,-0.24173344668524255
3.443185548334438,0.39965499081515765,-0.24462342527980305
3.4494687336416177,0.954037297046072,-0.24737958495290904
3.4557519189487973,-0.34138147757549864,-0.25000000000001005
3.462035104255977,0.8464143331832392,-0.25248279483508324
3.4683182895631566,-0.4781271614366467,-0.2548261446943106
3.474601474870336,-0.8965946329293377,-0.25702827632162173
3.480884660177516,-0.5479015026415508,-0.2590874686358605
3.4871678454846955,-0.3576110598799698,-0.26100205337933347
3.493451030791875,0.8442717246501286,-0.2627704157475111
3.4997342160990548,-0.12962175115026753,-0.2643909949996548
3.5060174014062344,0.11588532093593096,-0.2658622850501525
3.512300586713414,0.9312544155678415,-0.26718283504035006
3.5185837720205937,0.4861845096057167,-0.26835124989067516
3.5248669573277733,0.11563657766621205,-0.26936619083285496
3.531150142634953,0.6196219434845667,-0.2702263759220378
3.5374333279421326,-0.648483901644878,-0.27093058052863495
3.5437165132493122,0.9434166147280043,-0.27147763780970674
3.549999698556492,-0.8794824319511532,-0.2718664391597237
3.5562828838636715,0.6976764015177701,-0.27209593464054144
3.562566069170851,-0.40749835521692357,-0.27216513339043485
3.568849254478031,0.30502274956974085,-0.27207310401204515
3.5751324397852104,0.17183813014225868,-0.27181897493910034
3.58141562509239,0.27731082235005444,-0.2714019347817772
3.5876988103995697,-0.6600632841930594,-0.27082123265058106
3.5939819957067494,0.08837934091834532,-0.27007617845862686
3.600265181013929,-0.09532312841672175,-0.2691661432022122
3.6065483663211086,-0.13143938930952626,-0.26809055921958175
3.6128315516282883,-0.8213923989621257,-0.26684892042778996
3.619114736935468,-0.29005261351290135,-0.2654407825375755
3.6253979222426476,-0.23915680262580086,-0.2638657632461708
3.631681107549827,-0.7415865650998856,-0.2621235424079762
3.637964292857007,-0.5446546131351129,-0.26021386218303705
3.6442474781641865,0.21263701707913607,-0.25813652716326907
3.650530663471366,0.28989986027126236,-0.2558914044763865
3.6568138487785458,-0.3883546162992588,-0.2534784238674937
3.6630970340857254,-0.11904327010519888,-0.2508975777583119
3.669380219392905,-0.7133007642756017,-0.2481489212840157
3.6756634047000847,0.7012483576476609,-0.24523257230766746
3.6819465900072643,-0.3470660431213659,-0.2421487114122421
3.688229775314444,-0.26238214557592365,-0.2388975818702437
3.6945129606216236,-0.15041237534580754,-0.23547948959092346
3.7007961459288032,-0.9300747210752112,-0.23189480304511678
3.707079331235983,-0.010363156688915298,-0.2281439531677242
3.7133625165431625,0.9586382225687906,-0.22422743323787045
3.719645701850342,-0.5087533749496198,-0.2201457987367816
3.725928887157522,0.905400037713348,-0.21589966718343112
3.7322120724647014,0.831888285605566,-0.21148971794801008
3.738495257771881,-0.9396085619773025,-0.2069166920432883
3.7447784430790607,-0.055199755772467496,-0.20218139189393786
3.7510616283862404,-0.5881971652202262,-0.19728468108390051
3.75734481369342,-0.6235682469969641,-0.1922274840818868
3.7636279990005996,-0.06839886618373581,-0.18701078594510417
3.7699111843077793,0.4086296804052725,-0.18163563200131647
3.776194369614959,-0.3003444800198902,-0.17610312750934828
3.7824775549221386,-0.05712672146083331,-0.17041443729815237
3.788760740229318,-0.17693932114645494,-0.16457078538456718
3.795043925536498,0.02434413159703852,-0.15857345456989963
3.8013271108436775,-0.5466852635924371,-0.15242378601547493
3.807610296150857,0.5858046098153369,-0.14612317879730255
3.8138934814580367,-0.46874412171901514,-0.13967308944001633
3.8201766667652164,-0.8938348620843424,-0.13307503143025212
3.826459852072396,0.11498103072645072,-0.12633057470963516
3.8327430373795757,0.3535120169186412,-0.119441345147556
3.8390262226867553,-0.26774957763063756,-0.11240902399392122
3.845309407993935,-0.17924029434073008,-0.10523534731207165
3.8515925933011146,-0.48473429846117133,-0.09792210539206926
3.8578757786082942,-0.3762484100340422,-0.09047114214455897
3.864158963915474,0.6975848065787369,-0.08288435447542065
3.8704421492226535,0.9325739187069739,-0.07516369164143116
3.876725334529833,-0.9380511027805172,-0.0673111545871653
3.883008519837013,0.01933737760544796,-0.05932879526336915
3.8892917051441924,0.2118292521056413,-0.05121871592704753
3.895574890451372,-0.04176655003573493,-0.04298306842351271
3.9018580757585517,0.09270324660021156,-0.0346240534506485
3.9081412610657313,0.2910546771827647,-0.026143919805649774
3.914424446372911,0.41182361617918684,-0.01754496361450425
3.9207076316800906,-0.3854059318557701,-0.00882952754448883
3.9269908169872703,0.8041968419645042,4.0605914911720444E-14
3.93327400229445,0.2526767401339005,0.008941185698281373
3.9395571876016295,-0.5194750559024512,0.017991552149747736
3.945840372908809,-0.20146051769218842,0.02714857872686995
3.952123558215989,-0.7108684912738819,0.036409702443126815
3.9584067435231685,0.3626274931765885,0.04577231883640431
3.964689928830348,-0.3462229118714395,0.05523378286726769
3.9709731141375277,-0.49735856983649285,0.06479140983182871
3.9772562994447074,-0.35558834470605394,0.07444247628888494
3.983539484751887,-0.13089981340486867,0.08418422100100273
3.9898226700590667,0.836205377055268,0.09401384588921043
3.9961058553662463,-0.9506899226579151,0.10392851700096378
4.0023890406734255,0.85778036834255,0.11392536549104007
4.008672225980605,-0.4297937951149966,0.12400148861501661
4.014955411287784,-0.727169467857538,0.13415395073497513
4.021238596594963,-0.18291905855310708,0.14437978433708226
4.027521781902142,0.23689979297823105,0.1546759910606827
4.0338049672093215,0.18799449982441208,0.16503954273854016
4.040088152516501,-0.8141130597965409,0.17546738244785878
4.04637133782368,0.2361980902872285,0.18595642557171116
4.052654523130859,0.5139931081842075,0.19650356087049828
4.058937708438038,0.11494760906584722,0.20710565156306004
4.0652208937452174,0.061720505618274135,0.21775953641705514
4.071504079052397,-0.753329516030258,0.22846203084822175
4.077787264359576,0.44080721457308614,0.23920992802813126
4.084070449666755,0.8638258092542122,0.250000000000041
4.090353634973934,-0.6394673330449367,0.26082899880245153
4.096636820281113,-0.35950689521122037,0.2716936575999693
4.102920005588293,0.6827942427312943,0.2825906918210744
4.109203190895472,0.9364967406886731,0.29351680030239014
4.115486376202651,-0.17787349797914542,0.3044686664390478
4.12176956150983,-0.24925968521663977,0.3154429593407404
4.128052746817009,0.12805153072650155,0.3264363349930538
4.134335932124189,-0.97534685480049,0.33744543742366534
4.140619117431368,0.2537033135168929,0.3484668998729941
4.146902302738547,0.8037546851371906,0.3594973459688904
4.153185488045726,0.34570112645629836,0.3705333909049459
4.159468673352905,-0.5349128661167115,0.381571642622008
4.165751858660085,0.7111466824526436,0.3926087029924776
4.172035043967264,0.9166701754747832,0.40364116900697355
4.178318229274443,-0.13997186559005748,0.41466563396293915
4.184601414581622,0.6944555274203177,0.42567868865477215
4.190884599888801,-0.676876732129474,0.4366769225650546
4.1971677851959805,-0.7989759954486191,0.4476569250564609
4.20345097050316,-0.8491591890456003,0.4586152865639211
4.209734155810339,-0.9167647376702974,0.4695485997866163
4.216017341117518,0.6577195693793176,0.4804534608793839
4.222300526424697,0.7242269064516462,0.4913264706431104
4.2285837117318765,-0.1528465709995097,0.5021642357136881
4.234866897039056,-0.02416513637090345,0.512963369749116
4.241150082346235,0.4942239270806579,0.5237204946143234
4.247433267653414,-0.8158220401005287,0.5344322415632932
4.253716452960593,-0.5495648814021492,0.5450952524180706
4.2599996382677725,-0.9764074290292992,0.5557061807442345
4.266282823574952,-0.8619450299627986,0.5662616930224176
4.272566008882131,-0.9316751973957298,0.5767584698154573
4.27884919418931,0.10530761794006582,0.5871932069307657
4.285132379496489,-0.030342373485267915,0.5975626165775045
4.2914155648036685,-0.9952727222593825,0.6078634285181562
4.297698750110848,0.7969864634133503,0.6180923912140805
4.303981935418027,0.4297164309681001,0.6282462729646525
4.310265120725206,-0.07048267371405403,0.6383218630395762
4.316548306032385,0.09913582497615292,0.6483159728039725
4.3228314913395645,0.8917712523708965,0.6582254368358443
4.329114676646744,-0.7767609188863616,0.6680471140355184
4.335397861953923,-0.09180284718293108,0.6777778887266747
4.341681047261102,-0.7706680252195048,0.6874146717485681
4.347964232568281,0.5634373048922838,0.6969544015390611
4.35424741787546,0.991336638165367,0.7063940452080761
4.36053060318264,0.8049281621892197,0.7157305996010926
4.366813788489819,-0.6806461232648964,0.7249610923523074
4.373096973796998,0.27956059711277237,0.7340825829270885
4.379380159104177,-0.34500655657748935,0.7430921636533481
4.385663344411356,-0.5216603030635496,0.7519869607414733
4.391946529718536,0.023564370325523276,0.7607641352924492
4.398229715025715,0.8508890812371241,0.7694208842938192
4.404512900332894,0.5593318813598849,0.7779544416031269
4.410796085640073,-0.41999694619501526,0.7863620789184932
4.417079270947252,-0.004658207122873792,0.7946411067359815
4.423362456254432,-0.6337222157504603,0.8027888752934135
4.429645641561611,-0.0485705647996153,0.8108027755003003
4.43592882686879,-0.18858378327728897,0.8186802398535575
4.442212012175969,0.6258571305568688,0.826418743338681
4.448495197483148,0.909616631513811,0.8340158043160629
4.454778382790328,-0.5332948676468299,0.8414689853921339
4.461061568097507,0.0192850150405961,0.8487758942750216
4.467344753404686,0.8440641168405683,0.8559341846144225
4.473627938711865,0.40817542161388665,0.8629415568253884
4.479911124019044,0.8448842178146281,0.8697957588957373
4.4861943093262235,-0.8837769313684467,0.8764945871767991
4.492477494633403,0.6569179369659581,0.8830358871572173
4.498760679940582,-0.8096899146646654,0.889417554219533
4.505043865247761,-0.9093102061435008,0.8956375343792807
4.51132705055494,0.1987575518557647,0.9016938250063345
4.5176102358621195,-0.4907707811028732,0.9075844755282496
4.523893421169299,-0.12851432763453796,0.9133075881153487
4.530176606476478,0.6010506168271497,0.918861318347309
4.536459791783657,-0.5682069912525327,0.9242438758610168
4.542742977090836,0.2554507758440454,0.9294535249794552
4.5490261623980155,-0.9589093634424988,0.9344885853214067
4.555309347705195,0.3997562003421775,0.9393474323917487
4.561592533012374,0.2784527019652039,0.9440284981521383
4.567875718319553,0.5610852614233359,0.9485302715718795
4.574158903626732,-0.11146959579208549,0.9528512991587799
4.5804420889339115,-0.44787134706475795,0.9569901854698061
4.586725274241091,-0.5235196227842973,0.96094559360136
4.59300845954827,0.8892920292760802,0.9647162456589984
4.599291644855449,0.3856052676647641,0.9683009232064319
4.605574830162628,0.07642397965736292,0.9716984676936422
4.6118580154698074,-0.2028466035249601,0.9749077808639671
4.618141200776987,-0.12133748531088795,0.9779278251400072
4.624424386084166,0.9331916431966687,0.980757623988219
4.630707571391345,0.22531409618886533,0.9833962622620638
4.636990756698524,-0.930078360934965,0.9858428865235916
4.643273942005703,-0.11897569638573802,0.9880967053433449
4.649557127312883,0.483763492137977,0.9901569895784766
4.655840312620062,-0.12005756162190817,0.9920230726289831
4.662123497927241,-0.7842466830843766,0.9936943506719628
4.66840668323442,-0.2964759312056444,0.9951702828738129
4.674689868541599,0.06730447928259764,0.9964503915802964
4.680973053848779,-0.019313432184822066,0.9975342624844037
4.687256239155958,-0.8955650645535878,0.9984215447719552
4.693539424463137,0.1871303726131106,0.9991119512448907
4.699822609770316,-0.6233223303719244,0.9996052584222017
4.706105795077495,-0.5870983818311135,0.9999013066184727
4.712388980384675,0.9358363258980311,1.0
4.718672165691854,-0.8459114852463707,0.9999013066184737
4.724955350999033,-0.39046408070816163,0.9996052584222037
4.731238536306212,-0.4274407852077886,0.9991119512448936
4.737521721613391,-0.4575797793994163,0.9984215447719591
4.7438049069205706,-0.5302505887577844,0.9975342624844085
4.75008809222775,0.11737033375658035,0.9964503915803021
4.756371277534929,0.9558367076662306,0.9951702828738196
4.762654462842108,-0.4799618468814253,0.9936943506719704
4.768937648149287,-0.5104143580178877,0.9920230726289918
4.7752208334564665,-0.42168883606534235,0.9901569895784862
4.781504018763646,-0.45164687774756995,0.9880967053433554
4.787787204070825,0.4163231170391488,0.9858428865236031
4.794070389378004,-0.9999016407055032,0.9833962622620761
4.800353574685183,0.38881028108201665,0.9807576239882322
4.8066367599923625,-0.4661122730056033,0.9779278251400214
4.812919945299542,-0.6592471529277197,0.9749077808639822
4.819203130606721,-0.08729099169508525,0.9716984676936583
4.8254863159139,-0.23964971699702708,0.9683009232064488
4.831769501221079,0.8990584441545872,0.9647162456590163
4.8380526865282585,-0.6922754440095495,0.9609455936013789
4.844335871835438,-0.5673789174555484,0.9569901854698258
4.850619057142617,0.6108406971403717,0.9528512991588005
4.856902242449796,-0.12042210041119383,0.948530271571901
4.863185427756975,0.3837465400892055,0.9440284981521605
4.8694686130641545,0.20002707049288326,0.9393474323917719
4.875751798371334,-0.24362196805186387,0.9344885853214308
4.882034983678513,0.8753451043802305,0.9294535249794801
4.888318168985692,-0.717880917724989,0.9242438758610425
4.894601354292871,0.9889270827894607,0.9188613183473355
4.90088453960005,0.13756093398823843,0.9133075881153762
4.90716772490723,0.4557721963017365,0.9075844755282779
4.913450910214409,-0.5667593056721487,0.9016938250063636
4.919734095521588,0.9492154946506004,0.8956375343793106
4.926017280828767,-0.1444313931931489,0.8894175542195637
4.932300466135946,-0.6166148469985968,0.8830358871572488
4.938583651443126,-0.2440560646345844,0.8764945871768312
4.944866836750305,0.0905831844878433,0.8697957588957702
4.951150022057484,-0.3532748593490438,0.8629415568254222
4.957433207364663,-0.7971206378425757,0.8559341846144569
4.963716392671842,0.3650277786708851,0.8487758942750571
4.969999577979022,0.7321734818491223,0.8414689853921699
4.976282763286201,0.09028863200979731,0.8340158043160995
4.98256594859338,-0.12555005719972745,0.8264187433387182
4.988849133900559,-0.7275781396988508,0.8186802398535954
4.995132319207738,0.9798200834371871,0.8108027755003392
5.001415504514918,0.3227199122473634,0.8027888752934529
5.007698689822097,0.17435943227202033,0.7946411067360215
5.013981875129276,-0.22581841113908263,0.7863620789185339
5.020265060436455,-0.05691358459522666,0.7779544416031683
5.026548245743634,-0.6772998368603314,0.769420884293861
5.0328314310508135,-0.8576563107534056,0.7607641352924917
5.039114616357993,-0.3372203440948347,0.7519869607415163
5.045397801665172,-0.6327836045548991,0.7430921636533917
5.051680986972351,0.9346836972574744,0.7340825829271326
5.05796417227953,0.7245995555671296,0.7249610923523521
5.0642473575867095,0.663924877699485,0.7157305996011378
5.070530542893889,-0.3695031543673253,0.7063940452081219
5.076813728201068,0.7147868054581055,0.6969544015391073
5.083096913508247,0.9427370409497395,0.6874146717486147
5.089380098815426,-0.43059477974240523,0.6777778887267218
5.0956632841226055,-0.3545772390118327,0.668047114035566
5.101946469429785,0.4113299647919235,0.6582254368358923
5.108229654736964,-0.5867796734925168,0.6483159728040209
5.114512840044143,-0.5777834178472074,0.6383218630396249
5.120796025351322,0.10244735527270521,0.6282462729647018
5.1270792106585015,0.4333651325995793,0.6180923912141301
5.133362395965681,0.8484620002737755,0.6078634285182062
5.13964558127286,-0.19249413916740843,0.5975626165775547
5.145928766580039,-0.292011341287594,0.5871932069308161
5.152211951887218,0.014037392870131393,0.5767584698155083
5.1584951371943975,-0.7101245714096829,0.5662616930224689
5.164778322501577,-0.1873786411091567,0.555706180744286
5.171061507808756,0.593756770073607,0.5450952524181223
5.177344693115935,0.9416436866878446,0.5344322415633451
5.183627878423114,0.25483171682419914,0.5237204946143755
5.189911063730293,-0.4581703095194245,0.5129633697491685
5.196194249037473,-0.08764600796729627,0.5021642357137406
5.202477434344652,-0.2902312333583521,0.49132647064316315
5.208760619651831,-0.27639313567719004,0.48045346087943686
5.21504380495901,0.206023908818608,0.4695485997866694
5.221326990266189,-0.21550696578448214,0.4586152865639744
5.227610175573369,0.7288928320577812,0.4476569250565143
5.233893360880548,-0.050953104173834474,0.43667692256510793
5.240176546187727,0.755013249190891,0.42567868865482567
5.246459731494906,-0.7739317344027017,0.4146656339629927
5.252742916802085,-0.15461813754120923,0.40364116900702723
5.259026102109265,0.4408182624907686,0.39260870299253126
5.265309287416444,0.7797503103875498,0.3815716426220616
5.271592472723623,-0.541295531623619,0.3705333909049996
5.277875658030802,0.8297869540767024,0.35949734596894406
5.284158843337981,0.1577517629575249,0.34846689987304774
5.2904420286451606,0.9841174261368868,0.33744543742371896
5.29672521395234,0.0953002056363117,0.3264363349931073
5.303008399259519,-0.275105978363803,0.3154429593407938
5.309291584566698,-0.06407088139979811,0.3044686664391011
5.315574769873877,-0.08934066601553625,0.2935168003024433
5.3218579551810565,0.09247250660509776,0.2825906918211275
5.328141140488236,0.9849822901491123,0.27169365760002223
5.334424325795415,0.48680178959250653,0.26082899880250426
5.340707511102594,0.8019147176303079,0.2500000000000936
5.346990696409773,0.07469922535010909,0.2392099280281836
5.3532738817169525,-0.8087362654911157,0.22846203084827396
5.359557067024132,0.9187718483473621,0.21775953641710707
5.365840252331311,-0.5112341769244964,0.20710565156311175
5.37212343763849,-0.3396515208269384,0.19650356087054968
5.378406622945669,0.7944927635674941,0.18595642557176237
5.3846898082528485,-0.3326938650794746,0.17546738244790966
5.390972993560028,-0.980510626053642,0.16503954273859076
5.397256178867207,0.7576725281296319,0.15467599106073293
5.403539364174386,-0.1857491060790395,0.1443797843371322
5.409822549481565,-0.037205177076721885,0.13415395073502467
5.4161057347887445,-0.6220410793127411,0.12400148861506581
5.422388920095924,-0.5507637588340857,0.11392536549108889
5.428672105403103,-0.28457442752648476,0.10392851700101222
5.434955290710282,-0.47799333383075937,0.09401384588925914
5.441238476017461,-0.9132859184060631,0.08418422100105172
5.44752166132464,-0.9538606161250636,0.07444247628893418
5.45380484663182,0.7859192324716744,0.06479140983187814
5.460088031938999,-0.9818666296835112,0.05523378286731731
5.466371217246178,-0.24962272839376354,0.0457723188364541
5.472654402553357,-0.8312162644721943,0.03640970244317672
5.478937587860536,0.25564032020254257,0.027148578726919958
5.485220773167716,0.06605658790214886,0.017991552149797817
5.491503958474895,0.66716483830054,0.008941185698331494
5.497787143782074,0.29882564104718123,9.07404102398737E-14
5.504070329089253,-0.874657859285056,-0.008829527544438711
5.510353514396432,0.9536114792863277,-0.01754496361445418
5.516636699703612,0.5210044110122871,-0.02614391980559978
5.522919885010791,0.14734610988386354,-0.03462405345059861
5.52920307031797,-0.785106903450856,-0.04298306842346296
5.535486255625149,-0.8437390262464823,-0.05121871592699794
5.541769440932328,0.8640368775247782,-0.05932879526331977
5.548052626239508,-0.6028392601228003,-0.06731115458711616
5.554335811546687,0.2940756935634459,-0.07516369164138229
5.560618996853866,-0.20826328828889218,-0.08288435447537204
5.566902182161045,-0.39095417082260364,-0.0904711421445107
5.573185367468224,-0.0974177311409048,-0.09792210539202133
5.5794685527754035,0.3250285362672516,-0.10523534731202412
5.585751738082583,0.6028415312163617,-0.1124090239938741
5.592034923389762,0.07362397031825907,-0.11944134514750936
5.598318108696941,0.26783967841828926,-0.12633057470958897
5.60460129400412,-0.17603954537757094,-0.13307503143020646
5.6108844793112995,0.8007507768614937,-0.13967308943997123
5.617167664618479,0.25265111666047724,-0.14612317879725803
5.623450849925658,-0.12425214625153735,-0.152423786015431
5.629734035232837,0.14078211370884985,-0.1585734545698564
5.636017220540016,-0.8422113471945081,-0.16457078538452455
5.6423004058471955,-0.05707611315601513,-0.17041443729811048
5.648583591154375,0.9011126290000262,-0.17610312750930715
5.654866776461554,-0.9411849338595291,-0.18163563200127605
5.661149961768733,0.10779822859992905,-0.1870107859450646
5.667433147075912,0.10354337998416274,-0.19222748408184806
5.6737163323830915,0.618747082599314,-0.1972846810838626
5.679999517690271,-0.4672444938002318,-0.20218139189390086
5.68628270299745,-0.7061375863409136,-0.2069166920432522
5.692565888304629,-0.5920677887374453,-0.2114897179479749
5.698849073611808,-0.5961355071420311,-0.21589966718339693
5.7051322589189875,0.6115836860406592,-0.22014579873674842
5.711415444226167,-0.0027242162401119874,-0.22422743323783825
5.717698629533346,-0.6718819045721474,-0.22814395316769312
5.723981814840525,-0.7769942875959892,-0.23189480304508672
5.730265000147704,-0.3658728788563319,-0.23547948959089457
5.736548185454883,-0.8116940883724839,-0.2388975818702159
5.742831370762063,-0.7108129312240901,-0.2421487114122155
5.749114556069242,-0.873452894602784,-0.24523257230764206
5.755397741376421,-0.3614996159724533,-0.24814892128399146
5.7616809266836,0.5584250356302041,-0.25089757775828897
5.767964111990779,-0.558425619315442,-0.253478423867472
5.774247297297959,0.2792280780045848,-0.2558914044763661
5.780530482605138,-0.4073394848553249,-0.25813652716325003
5.786813667912317,-0.17466731558131432,-0.2602138621830193
5.793096853219496,0.42112756948751673,-0.2621235424079598
5.799380038526675,-0.5969736648387991,-0.26386576324615574
5.805663223833855,-0.468167754691025,-0.26544078253756187
5.811946409141034,0.8462304200483151,-0.2668489204277778
5.818229594448213,-0.8983589244667851,-0.2680905592195711
5.824512779755392,0.15710000747125852,-0.2691661432022029
5.830795965062571,-0.020426857133542642,-0.2700761784586191
5.837079150369751,-0.36854871307576476,-0.2708212326505748
5.84336233567693,0.7918280063280871,-0.27140193478177244
5.849645520984109,0.9424068634694933,-0.2718189749390971
5.855928706291288,-0.8672355719614342,-0.2720731040120435
5.862211891598467,-0.7803141214200695,-0.27216513339043474
5.8684950769056465,-0.41154023809217644,-0.27209593464054294
5.874778262212826,0.8940008814810501,-0.27186643915972675
5.881061447520005,0.20682817881935645,-0.27147763780971135
5.887344632827184,-0.44231080457046246,-0.2709305805286412
5.893627818134363,-0.3303294926023994,-0.2702263759220457
5.8999110034415425,-0.5881029482912361,-0.2693661908328645
5.906194188748722,-0.934010942871571,-0.2683512498906863
5.912477374055901,-0.9785084154493622,-0.26718283504036294
5.91876055936308,-0.8028121553280176,-0.26586228505016696
5.925043744670259,0.48178683017339785,-0.26439099499967095
5.9313269299774385,0.8044113282527328,-0.26277041574752885
5.937610115284618,0.02277848108190339,-0.261002053379353
5.943893300591797,-0.8064811196726964,-0.25908746863588167
5.950176485898976,-0.7502240469162162,-0.2570282763216446
5.956459671206155,-0.7024389931772124,-0.2548261446943351
5.9627428565133345,0.26324434031973265,-0.25248279483510955
5.969026041820514,0.26988359996275557,-0.25000000000003797
5.975309227127693,0.8407077538637306,-0.24737958495293866
5.981592412434872,-0.09084428692915858,-0.24462342527983433
5.987875597742051,-0.3686338207208444,-0.24173344668527552
5.99415878304923,0.4029558572741343,-0.23871162427078257
6.00044196835641,0.24752593379505905,-0.235559981795664
6.006725153663589,0.5175823503739423,-0.2322805909204753
6.013008338970768,0.4801834734977837,-0.22887557043338866
6.019291524277947,-0.9067640005119417,-0.2253470854597494
6.025574709585126,-0.7304794067744032,-0.22169734665510252
6.031857894892306,-0.18332290832389564,-0.21792860938197628
6.038141080199485,0.08131136521930693,-0.2140431728707177
6.044424265506664,-0.8148540135870754,-0.21004337936467926
6.050707450813843,-0.05980753128834704,-0.2059316132500623
6.056990636121022,0.44927881233333533,-0.20171030017072697
6.063273821428202,0.4195547229111236,-0.19738190612828627
6.069557006735381,-0.6112979627946367,-0.19294893656780332
6.07584019204256,-0.33913862859049115,-0.18841393544942045
6.082123377349739,-0.05201811228951292,-0.18377948430624969
6.088406562656918,0.17413163875608006,-0.17904820128886176
6.094689747964098,0.11488770474217547,-0.17422274019671458
6.100972933271277,-0.6559660344418112,-0.16930578949686637
6.107256118578456,0.6860302849212043,-0.16430007133032443
6.113539303885635,0.7266550297995522,-0.15920834050638297
6.119822489192814,0.6216133087834694,-0.15403338348530987
6.1261056744999935,0.27093868702885127,-0.14877801734974497
6.132388859807173,-0.9176893408721238,-0.14344508876517653
6.138672045114352,0.3426617589579122,-0.1380374729298672
6.144955230421531,0.6644155416677351,-0.13255807251460394
6.15123841572871,0.08052430027167201,-0.12700981659265015
6.1575216010358895,0.15791756679584767,-0.12139565956028142
6.163804786343069,0.2926202929167625,-0.11571858004829058
6.170087971650248,0.8558151216180998,-0.10998157982484975
6.176371156957427,-0.6673892516526645,-0.104187682690121
6.182654342264606,0.20777925905074834,-0.09833993336300985
6.1889375275717855,-0.3900136880486891,-0.09244139636045849
6.195220712878965,0.7595165991277828,-0.08649515486967907
6.201503898186144,-0.5742296337958368,-0.08050430961372824
6.207787083493323,-0.17065116890137277,-0.07447197771082859
6.214070268800502,-0.5719809522767394,-0.06840129152784313
6.2203534541076815,0.3804004371460328,-0.06229539752831197
6.226636639414861,0.3009089703250598,-0.05615745511546193
6.23291982472204,-0.15861954604552397,-0.04999063547060186
6.239203010029219,-0.6062903856177995,-0.04379812038731772
6.245486195336398,-0.8414776677707443,-0.037583101101883246
6.2517693806435775,0.3244069472979112,-0.03134877712030339
6.258052565950757,-0.2706730768867107,-0.025098355042408642
6.264335751257936,-0.4736859461645151,-0.018835047383419786
6.270618936565115,0.835100656629834,-0.012562071393403113
6.276902121872294,-0.979929939055119,-0.006282647875037237
